,assists,bonus,bps,chance_of_playing_this_round,clean_sheets,code,creativity,dreamteam_count,ea_index,element_type,event_points,first_name,form,goals_conceded,goals_scored,ict_index,id_x,in_dreamteam,influence,loans_out,minutes,now_cost,own_goals,penalties_missed,penalties_saved,points_per_game,red_cards,saves,second_name,selected_by_percent,status,team,threat,total_points,transfers_in,transfers_out,value_season,yellow_cards,singular_name_short,team_id,team_name,matchup,opponent_name,creativecost,influencecost,threatcost,myscore
1,0,0,121,,3,11334,0.0,0,409,1,6,Petr,4.3,7,0,11.7,2,False,115.8,0,630,55,1,0,0,3.6,0,19,Cech,16.8,a,1,0.0,25,125138,162204,4.5,1,GKP,1,Arsenal,1.5,Burnley,0.0,2.1054545454545455,0.0,771.9099999999999
2,0,6,172,100.0,3,51507,4.3,2,493,2,15,Laurent,7.7,3,2,27.9,3,True,212.6,0,540,62,0,0,0,7.0,0,0,Koscielny,12.1,a,1,61.0,42,287576,66064,6.9,0,DEF,1,Arsenal,1.5,Burnley,0.06935483870967742,3.429032258064516,0.9838709677419355,3251.745000000001
5,1,5,143,,3,98745,133.4,1,541,2,6,Héctor,6.3,7,0,30.3,6,False,113.6,0,630,65,0,0,0,4.6,0,0,Bellerín,25.5,a,1,57.0,32,148810,289213,4.9,0,DEF,1,Arsenal,1.5,Burnley,2.0523076923076924,1.7476923076923077,0.8769230769230769,2904.8
6,0,0,11,,0,42427,29.0,0,69,2,0,Kieran,0.3,0,0,4.6,7,False,13.2,0,39,48,0,0,0,1.0,0,0,Gibbs,0.5,a,1,4.0,2,2656,13459,0.4,0,DEF,1,Arsenal,1.5,Burnley,0.6041666666666666,0.27499999999999997,0.08333333333333333,22.790000000000003
9,0,4,156,100.0,3,38411,48.8,0,511,2,7,Nacho,5.0,7,0,20.5,10,False,116.8,0,613,60,0,0,0,3.9,0,0,Monreal,4.7,a,1,39.0,27,32554,88730,4.5,1,DEF,1,Arsenal,1.5,Burnley,0.8133333333333332,1.9466666666666665,0.65,1561.5000000000002
10,0,0,61,,1,156074,1.5,0,0,2,0,Rob,0.0,5,0,8.8,484,False,74.4,0,270,44,0,0,0,2.3,0,0,Holding,0.8,a,1,12.0,7,37878,47532,1.6,1,DEF,1,Arsenal,1.5,Burnley,0.03409090909090909,1.6909090909090911,0.2727272727272727,7.0
11,0,2,104,,2,69140,13.5,0,0,2,8,Shkodran,5.3,2,0,17.4,555,False,113.6,0,360,60,0,0,0,4.5,0,0,Mustafi,0.9,a,1,46.0,18,33765,8762,3.0,0,DEF,1,Arsenal,1.5,Burnley,0.225,1.8933333333333333,0.7666666666666667,1394.145
12,3,6,157,100.0,3,37265,293.9,2,690,3,3,Alexis,9.0,6,4,89.8,12,True,239.6,0,557,113,0,1,0,7.0,0,0,Sánchez,22.1,a,1,363.0,49,670553,196418,4.4,0,MID,1,Arsenal,1.5,Burnley,2.6008849557522122,2.120353982300885,3.2123893805309733,12151.75
13,3,3,149,100.0,3,20467,134.6,1,316,3,6,Theo,9.0,7,3,68.9,13,False,212.2,0,611,77,0,1,0,6.0,0,0,Walcott,8.2,a,1,345.0,42,316909,86510,5.5,0,MID,1,Arsenal,1.5,Burnley,1.748051948051948,2.7558441558441555,4.48051948051948,9381.300000000001
14,0,3,106,100.0,2,37605,231.8,0,783,3,3,Mesut,5.0,3,2,54.4,14,False,138.4,0,447,95,0,0,0,4.3,0,0,Özil,7.4,a,1,173.0,26,222192,172949,2.7,0,MID,1,Arsenal,1.5,Burnley,2.44,1.456842105263158,1.8210526315789475,4100.0
15,2,5,144,100.0,4,19524,210.5,0,259,3,3,Santiago,2.7,3,2,47.4,15,False,181.8,0,528,76,0,0,0,5.1,0,0,Cazorla,6.3,a,1,83.0,36,318139,169576,4.7,2,MID,1,Arsenal,1.5,Burnley,2.7697368421052633,2.392105263157895,1.0921052631578947,1960.9650000000001
16,0,0,5,0.0,0,41792,4.9,0,558,3,0,Aaron,0.0,3,0,3.0,16,False,2.2,0,60,77,0,0,0,2.0,0,0,Ramsey,1.0,i,1,23.0,2,2120,133101,0.3,0,MID,1,Arsenal,1.5,Burnley,0.06363636363636364,0.028571428571428574,0.2987012987012987,2.0
17,0,0,54,,1,81880,48.7,0,186,3,1,Alex,0.3,3,1,21.1,18,False,58.2,0,259,59,0,0,0,2.8,0,0,Oxlade-Chamberlain,1.5,a,1,103.0,14,57574,81330,2.4,0,MID,1,Arsenal,1.5,Burnley,0.8254237288135594,0.9864406779661018,1.7457627118644068,108.45499999999998
19,0,0,45,25.0,1,56864,73.0,0,246,3,0,Francis,1.0,6,0,14.5,20,False,49.6,0,391,43,0,0,0,1.6,0,0,Coquelin,1.7,d,1,22.0,8,27192,55101,1.8,2,MID,1,Arsenal,1.5,Burnley,1.697674418604651,1.1534883720930234,0.5116279069767442,224.89999999999998
20,3,2,80,100.0,3,153133,117.8,0,150,3,3,Alex,5.7,3,0,31.0,21,False,79.8,0,288,58,0,0,0,4.2,0,0,Iwobi,1.5,a,1,112.0,21,51003,47752,3.6,1,MID,1,Arsenal,1.5,Burnley,2.0310344827586206,1.3758620689655172,1.9310344827586208,2668.0800000000004
21,1,0,39,,0,153256,22.4,0,134,3,1,Mohamed,1.7,5,0,7.7,22,False,35.0,0,121,47,0,0,0,2.0,0,0,Elneny,0.5,a,1,20.0,8,5758,22579,1.7,0,MID,1,Arsenal,1.5,Burnley,0.47659574468085103,0.7446808510638298,0.425531914893617,205.37
23,0,0,75,,2,84450,82.9,0,0,3,3,Granit,3.3,2,1,17.9,24,False,80.0,0,339,53,0,0,0,2.5,0,0,Xhaka,4.4,a,1,19.0,15,54835,151721,2.8,1,MID,1,Arsenal,1.5,Burnley,1.5641509433962266,1.509433962264151,0.3584905660377358,915.405
25,1,0,11,0.0,0,44346,17.8,0,629,4,0,Olivier,0.3,0,0,4.6,25,False,2.2,0,54,89,0,0,0,2.0,0,0,Giroud,0.8,i,1,28.0,6,35935,67463,0.7,0,FWD,1,Arsenal,1.5,Burnley,0.2,0.02471910112359551,0.3146067415730337,27.599999999999998
30,0,0,12,,0,155851,9.8,0,0,4,0,Lucas,0.3,1,0,4.1,549,False,3.0,0,64,81,0,0,0,1.5,0,0,Pérez,0.2,d,1,28.0,3,34495,28953,0.4,0,FWD,1,Arsenal,1.5,Burnley,0.12098765432098767,0.037037037037037035,0.345679012345679,21.36
31,0,0,143,,2,18726,0.0,1,281,1,2,Artur,3.3,11,0,19.1,29,False,192.2,0,630,45,0,0,1,3.9,0,25,Boruc,7.1,a,2,0.0,27,106907,51170,6.0,1,GKP,2,Bournemouth,1.0,Watford,0.0,4.271111111111111,0.0,661.2599999999999
33,0,0,129,,2,15149,21.8,0,462,2,0,Simon,2.0,11,0,21.8,31,False,155.6,0,630,45,0,0,0,2.4,0,0,Francis,1.7,a,2,39.0,17,35129,23450,3.8,1,DEF,2,Bournemouth,1.0,Watford,0.48444444444444446,3.457777777777778,0.8666666666666667,449.8
34,0,3,127,100.0,2,56917,24.3,0,443,2,1,Steve,3.0,11,0,28.5,32,False,193.6,0,630,49,0,0,0,2.9,0,0,Cook,0.6,a,2,67.0,20,8062,8129,4.1,1,DEF,2,Bournemouth,1.0,Watford,0.4959183673469388,3.951020408163265,1.3673469387755102,874.7
35,0,2,118,,2,41320,104.8,0,491,2,1,Charlie,2.0,11,0,22.1,33,False,94.6,0,630,49,0,0,0,2.7,0,0,Daniels,2.9,a,2,22.0,19,10673,60269,3.9,1,DEF,2,Bournemouth,1.0,Watford,2.1387755102040815,1.930612244897959,0.4489795918367347,461.79999999999995
36,1,3,156,75.0,2,54469,85.9,1,297,2,0,Adam,1.7,11,1,30.7,34,False,169.6,0,630,46,0,0,0,3.9,0,0,Smith,9.8,a,2,51.0,27,348543,80418,5.9,3,DEF,2,Bournemouth,1.0,Watford,1.8673913043478263,3.6869565217391305,1.108695652173913,548.05
38,0,0,6,,0,126184,0.3,0,232,2,0,Nathan,0.0,2,0,0.3,36,False,0.2,0,15,43,0,0,0,1.0,0,0,Aké,1.1,a,2,2.0,2,3850,32172,0.5,0,DEF,2,Bournemouth,1.0,Watford,0.0069767441860465115,0.004651162790697674,0.046511627906976744,2.0
41,0,0,22,100.0,1,54102,55.1,0,18,3,1,Jack,2.0,6,0,10.8,17,False,16.4,0,282,59,0,0,0,1.3,0,0,Wilshere,0.9,a,2,40.0,8,53180,30813,1.4,2,MID,2,Bournemouth,1.0,Watford,0.9338983050847458,0.27796610169491526,0.6779661016949152,231.0
42,2,2,118,100.0,2,48615,97.5,0,188,3,2,Harry,4.0,11,0,25.3,37,False,102.8,0,616,50,0,0,0,3.0,1,0,Arter,0.3,d,2,55.0,21,7768,4633,4.2,0,MID,2,Bournemouth,1.0,Watford,1.95,2.056,1.1,1042.2
44,0,0,102,,2,15237,81.2,0,385,3,2,Andrew,2.0,11,0,19.8,39,False,91.6,0,630,48,0,0,0,2.1,0,0,Surman,0.2,a,2,25.0,15,1166,5028,3.1,1,MID,2,Bournemouth,1.0,Watford,1.6916666666666667,1.9083333333333332,0.5208333333333334,410.6
47,1,3,66,100.0,2,56872,48.0,0,217,3,4,Junior,5.7,6,1,18.9,42,False,84.8,0,326,55,0,0,0,5.0,0,0,Stanislas,0.1,a,2,56.0,20,3476,1122,3.6,1,MID,2,Bournemouth,1.0,Watford,0.8727272727272727,1.5418181818181818,1.018181818181818,1096.16
48,0,0,16,,0,40387,27.5,0,331,3,1,Dan,1.0,1,0,4.5,43,False,12.4,0,109,47,0,0,0,1.0,0,0,Gosling,0.1,a,2,5.0,6,267,3986,1.3,0,MID,2,Bournemouth,1.0,Watford,0.5851063829787234,0.26382978723404255,0.10638297872340426,50.9
49,0,0,19,,0,59741,5.0,0,155,3,0,Max,0.7,0,0,4.8,44,False,18.0,0,64,51,0,0,0,1.0,0,0,Gradel,0.2,a,2,25.0,4,817,11019,0.8,0,MID,2,Bournemouth,1.0,Watford,0.09803921568627451,0.35294117647058826,0.49019607843137253,37.599999999999994
51,0,0,50,,3,103912,119.1,0,184,3,2,Jordon,2.0,6,0,26.3,46,False,35.4,0,441,52,0,0,0,2.1,0,0,Ibe,2.1,a,2,110.0,15,20801,120307,2.8,0,MID,2,Bournemouth,1.0,Watford,2.2903846153846152,0.6807692307692308,2.1153846153846154,544.0
52,0,0,10,100.0,0,155408,14.3,0,0,3,0,Lewis,0.0,3,0,2.5,47,False,7.0,0,80,43,0,0,0,2.0,0,0,Cook,0.4,a,2,4.0,2,4827,10497,0.5,0,MID,2,Bournemouth,1.0,Watford,0.3325581395348837,0.16279069767441862,0.09302325581395349,2.0
53,0,2,85,50.0,1,78007,61.0,0,321,3,6,Joshua,2.7,10,2,34.6,48,False,124.0,0,462,54,0,0,0,4.0,0,0,King,0.7,a,2,160.0,24,27892,28073,4.4,0,MID,2,Bournemouth,1.0,Watford,1.1296296296296295,2.2962962962962963,2.962962962962963,955.5000000000001
54,0,0,15,75.0,1,90105,29.5,0,0,3,0,Ryan,0.0,1,0,4.2,536,False,3.0,0,172,49,0,0,0,2.5,0,0,Fraser,0.0,d,2,10.0,5,244,201,1.0,0,MID,2,Bournemouth,1.0,Watford,0.6020408163265306,0.061224489795918366,0.20408163265306123,5.0
55,0,2,53,,4,75115,66.7,0,165,4,8,Callum,3.7,7,2,34.1,49,False,85.2,0,524,64,0,0,0,3.3,0,0,Wilson,2.1,a,2,198.0,23,46777,74080,3.6,0,FWD,2,Bournemouth,1.0,Watford,1.0421875,1.33125,3.09375,1317.6299999999999
57,1,0,17,,0,21246,11.8,0,124,4,0,Lewis,0.0,2,0,5.3,51,False,24.2,0,60,44,0,0,0,2.0,0,0,Grabban,3.6,a,2,17.0,6,64926,97073,1.4,0,FWD,2,Bournemouth,1.0,Watford,0.2681818181818182,0.5499999999999999,0.38636363636363635,6.0
58,0,0,5,100.0,0,88498,11.0,0,146,4,1,Benik,0.7,0,0,1.5,52,False,1.2,0,25,57,0,0,0,1.0,0,0,Afobe,0.3,a,2,2.0,3,2849,18155,0.5,0,FWD,2,Bournemouth,1.0,Watford,0.19298245614035087,0.021052631578947368,0.03508771929824561,12.94
60,0,3,144,,2,21205,0.0,2,0,1,2,Tom,3.7,9,0,20.3,54,True,202.4,0,630,46,0,0,0,4.3,0,29,Heaton,8.8,d,3,0.0,30,202592,69112,6.5,0,GKP,3,Burnley,0.5,Arsenal,0.0,4.4,0.0,404.44000000000005
63,0,2,124,,2,68983,136.3,0,0,2,2,Matthew,2.7,9,0,28.4,55,False,136.2,0,630,45,0,0,0,2.7,0,0,Lowton,0.6,a,3,12.0,19,16476,8650,4.2,3,DEF,3,Burnley,0.5,Arsenal,3.028888888888889,3.0266666666666664,0.26666666666666666,403.07500000000005
64,0,0,117,,2,51927,24.2,0,0,2,2,Ben,2.3,9,0,21.1,56,False,159.6,0,630,45,1,0,0,2.4,0,0,Mee,0.6,a,3,26.0,17,9974,12823,3.8,1,DEF,3,Burnley,0.5,Arsenal,0.5377777777777778,3.5466666666666664,0.5777777777777777,258.27
65,0,0,109,75.0,2,40616,63.7,0,0,2,2,Stephen,3.0,9,0,16.9,57,False,102.6,0,630,45,0,0,0,2.7,0,0,Ward,0.4,a,3,3.0,19,9970,3181,4.2,1,DEF,3,Burnley,0.5,Arsenal,1.4155555555555557,2.28,0.06666666666666667,272.95000000000005
66,0,2,134,,2,106611,15.8,1,0,2,2,Michael,5.7,9,1,28.1,58,False,198.4,0,630,49,0,0,0,3.9,0,0,Keane,1.8,a,3,65.0,27,38785,17520,5.5,1,DEF,3,Burnley,0.5,Arsenal,0.32244897959183677,4.048979591836734,1.3265306122448979,822.72
71,0,0,8,0.0,0,19556,11.7,0,0,3,0,David,0.0,1,0,1.3,61,False,0.0,0,86,50,0,0,0,1.0,0,0,Jones,0.0,u,3,2.0,1,95,2678,0.2,1,MID,3,Burnley,0.5,Arsenal,0.23399999999999999,0.0,0.04,1.0
72,0,0,80,,2,28244,58.7,0,0,3,2,George,2.3,9,0,23.6,62,False,75.6,0,630,53,0,0,0,2.3,0,0,Boyd,0.1,a,3,102.0,16,1547,5978,3.0,0,MID,3,Burnley,0.5,Arsenal,1.1075471698113208,1.4264150943396225,1.9245283018867925,287.745
73,0,0,37,,2,39158,52.0,0,0,3,1,Scott,1.0,6,0,8.9,63,False,29.8,0,328,53,0,0,0,1.4,0,0,Arfield,0.1,a,3,8.0,10,785,3434,1.9,1,MID,3,Burnley,0.5,Arsenal,0.9811320754716981,0.5622641509433962,0.1509433962264151,54.9
74,1,1,92,100.0,2,15982,25.8,0,0,3,2,Dean,2.3,8,0,16.0,64,False,93.2,0,611,45,0,0,0,2.9,0,0,Marney,0.9,a,3,39.0,20,35636,12944,4.4,0,MID,3,Burnley,0.5,Arsenal,0.5733333333333334,2.071111111111111,0.8666666666666667,201.7
76,0,0,3,,0,15944,0.0,0,0,3,0,Michael,0.3,0,0,0.0,66,False,0.0,0,1,43,0,0,0,1.0,0,0,Kightly,0.3,a,3,0.0,1,6412,5775,0.2,0,MID,3,Burnley,0.5,Arsenal,0.0,0.0,0.0,1.0
77,0,0,57,,2,60586,92.8,0,0,3,2,Johann Berg,2.0,4,0,23.2,473,False,66.6,0,374,52,0,0,0,1.7,0,0,Gudmundsson,0.1,a,3,72.0,12,307,7710,2.3,0,MID,3,Burnley,0.5,Arsenal,1.7846153846153845,1.2807692307692307,1.3846153846153846,243.39999999999998
78,3,6,127,,3,39847,170.2,0,0,3,3,Steven,5.7,4,1,38.3,525,False,150.6,0,391,60,0,0,0,5.5,0,0,Defour,0.6,a,3,61.0,33,23284,6100,5.5,0,MID,3,Burnley,0.5,Arsenal,2.8366666666666664,2.51,1.0166666666666666,1121.1299999999999
79,0,0,11,,0,234483,3.3,0,0,3,0,Aiden,0.0,1,0,1.7,531,False,5.8,0,35,44,0,0,0,1.0,0,0,O'Neill,0.0,a,3,8.0,2,873,642,0.5,0,MID,3,Burnley,0.5,Arsenal,0.075,0.1318181818181818,0.18181818181818182,2.0
80,0,0,48,,1,83314,37.7,0,0,3,2,Jeff,4.0,5,1,13.7,560,False,61.8,0,286,54,0,0,0,3.3,0,0,Hendrick,0.1,a,3,37.0,13,2489,838,2.4,0,MID,3,Burnley,0.5,Arsenal,0.6981481481481482,1.1444444444444444,0.6851851851851852,286.0
81,0,3,41,,2,40399,55.2,0,0,4,2,Sam,1.7,7,1,25.9,67,False,59.6,0,558,60,0,0,0,2.9,0,0,Vokes,0.9,a,3,148.0,20,41426,31997,3.3,0,FWD,3,Burnley,0.5,Arsenal,0.92,0.9933333333333334,2.466666666666667,243.38
82,1,1,30,0.0,2,73426,44.8,0,0,4,0,Andre,0.7,7,1,16.9,68,False,53.2,0,427,63,0,0,0,3.6,0,0,Gray,3.8,s,3,76.0,18,133813,425687,2.9,0,FWD,3,Burnley,0.5,Arsenal,0.711111111111111,0.8444444444444444,1.2063492063492063,78.9
83,0,0,5,0.0,0,34654,1.0,0,0,4,0,Lukas,0.0,0,0,0.3,69,False,0.4,0,13,44,0,0,0,1.0,0,0,Jutkiewicz,0.5,n,3,2.0,2,7291,15744,0.5,0,FWD,3,Burnley,0.5,Arsenal,0.022727272727272728,0.009090909090909092,0.045454545454545456,2.0
87,0,0,4,,0,106617,2.8,0,0,4,0,Patrick,0.3,1,0,0.9,553,False,0.0,0,23,50,0,0,0,1.0,0,0,Bamford,0.0,a,3,8.0,2,2362,1138,0.4,0,FWD,3,Burnley,0.5,Arsenal,0.055999999999999994,0.0,0.16,3.62
88,0,0,92,,2,60772,0.0,0,230,1,7,Thibaut,2.5,9,0,7.6,73,False,76.4,0,630,55,0,0,0,2.9,0,11,Courtois,8.5,a,4,0.0,20,81083,128161,3.6,1,GKP,4,Chelsea,1.5,Hull,0.0,1.3890909090909092,0.0,306.5
90,0,0,64,0.0,1,1718,22.9,0,228,2,0,John,0.0,4,0,13.3,75,False,64.6,0,360,54,0,0,0,2.5,0,0,Terry,2.5,i,4,46.0,10,53470,146126,1.9,1,DEF,4,Chelsea,1.5,Hull,0.42407407407407405,1.1962962962962962,0.8518518518518519,10.0
91,1,2,117,100.0,1,41135,67.7,0,414,2,0,Branislav,1.8,9,0,28.4,76,False,105.2,0,540,59,0,0,0,2.7,0,0,Ivanovic,5.4,a,4,112.0,16,30315,91433,2.7,2,DEF,4,Chelsea,1.5,Hull,1.147457627118644,1.7830508474576272,1.8983050847457628,785.2299999999999
92,1,3,138,,2,41328,77.4,0,470,2,7,César,2.5,9,0,24.3,77,False,109.2,0,630,60,0,0,0,3.4,0,0,Azpilicueta,10.9,a,4,56.0,24,105240,181606,4.0,1,DEF,4,Chelsea,1.5,Hull,1.29,1.82,0.9333333333333333,933.75
93,0,0,115,,2,19419,14.8,0,283,2,6,Gary,2.3,9,0,20.4,78,False,115.2,0,630,59,0,0,0,2.6,0,0,Cahill,4.7,a,4,73.0,18,15038,71658,3.1,1,DEF,4,Chelsea,1.5,Hull,0.25084745762711863,1.952542372881356,1.2372881355932204,718.3499999999999
98,0,0,42,,1,82263,53.1,0,0,2,6,Marcos,1.8,0,0,14.4,561,False,32.4,0,126,59,0,0,0,3.5,0,0,Alonso,0.1,a,4,58.0,7,2655,1551,1.2,0,DEF,4,Chelsea,1.5,Hull,0.9,0.5491525423728814,0.9830508474576272,394.45000000000005
99,0,0,70,,1,41270,25.9,0,0,2,6,David,2.0,5,0,13.4,570,False,57.2,0,270,60,0,0,0,2.7,0,0,Luiz Moreira Marinho,1.0,a,4,51.0,8,39596,19703,1.3,0,DEF,4,Chelsea,1.5,Hull,0.43166666666666664,0.9533333333333334,0.85,410.29999999999995
100,1,6,129,,2,42786,206.0,1,476,3,3,Eden,2.0,9,2,59.1,82,False,160.0,0,584,99,0,0,0,4.7,0,0,Hazard,19.7,a,4,225.0,33,623981,687000,3.3,2,MID,4,Chelsea,1.5,Hull,2.080808080808081,1.6161616161616161,2.272727272727273,1806.0
101,1,0,41,,0,17878,69.6,0,617,3,0,Cesc,0.8,3,0,14.2,83,False,42.4,0,89,70,0,0,0,1.8,0,0,Fàbregas,2.0,a,4,30.0,7,24496,193953,1.0,0,MID,4,Chelsea,1.5,Hull,0.9942857142857142,0.6057142857142856,0.42857142857142855,177.4
102,1,0,89,,1,61262,169.1,0,321,3,1,Oscar,2.0,6,0,38.3,84,False,88.6,0,426,73,0,0,0,2.3,0,0,dos Santos Emboaba Junior,0.9,a,4,126.0,14,21054,50510,1.9,1,MID,4,Chelsea,1.5,Hull,2.3164383561643835,1.2136986301369863,1.726027397260274,1165.1
104,0,5,135,100.0,2,47431,368.5,2,512,3,10,Willian,3.8,8,2,64.5,86,False,144.8,0,471,73,0,0,0,4.7,0,0,Borges Da Silva,5.6,a,4,132.0,28,104246,265081,3.8,1,MID,4,Chelsea,1.5,Hull,5.0479452054794525,1.9835616438356165,1.8082191780821917,3706.21
105,3,0,122,,2,62398,103.6,0,373,3,5,Nemanja,3.5,9,0,31.9,87,False,113.4,0,595,50,0,0,0,3.3,0,0,Matic,2.7,a,4,102.0,23,47370,51129,4.6,2,MID,4,Chelsea,1.5,Hull,2.072,2.2680000000000002,2.04,1697.75
108,1,0,37,,0,49579,34.9,0,399,3,1,Pedro,0.8,1,0,8.5,90,False,32.2,0,125,71,0,0,0,1.5,0,0,Rodríguez Ledesma,0.3,a,4,25.0,9,2215,16589,1.3,1,MID,4,Chelsea,1.5,Hull,0.49154929577464784,0.45352112676056344,0.352112676056338,119.51999999999998
110,0,0,52,,1,49013,50.5,0,127,3,2,Victor,1.0,0,1,17.6,92,False,65.2,0,145,55,0,0,0,2.0,0,0,Moses,0.1,d,4,63.0,12,4197,5129,2.2,1,MID,4,Chelsea,1.5,Hull,0.9181818181818182,1.1854545454545455,1.1454545454545455,280.04999999999995
112,0,0,99,,2,116594,80.5,0,501,3,3,N'Golo,2.3,9,0,21.2,95,False,89.2,0,630,48,0,0,0,2.1,0,0,Kanté,14.9,a,4,43.0,15,77846,450149,3.1,1,MID,4,Chelsea,1.5,Hull,1.6770833333333333,1.8583333333333334,0.8958333333333334,748.8149999999998
113,0,0,2,,0,89085,0.1,0,0,3,1,Nathaniel,0.3,0,0,0.0,530,False,0.0,0,2,45,0,0,0,1.0,0,0,Chalobah,0.0,a,4,0.0,1,265,182,0.2,0,MID,4,Chelsea,1.5,Hull,0.0022222222222222222,0.0,0.0,1.045
114,1,1,40,,0,94245,13.0,0,0,4,0,Michy,0.5,0,1,14.0,96,False,54.2,0,58,87,0,0,0,2.6,0,0,Batshuayi,1.2,a,4,74.0,13,36388,92849,1.5,0,FWD,4,Chelsea,1.5,Hull,0.14942528735632185,0.6229885057471265,0.8505747126436781,118.89999999999999
115,2,6,173,100.0,2,18507,138.7,2,533,4,12,Diego,7.8,9,6,84.5,97,True,281.8,0,619,101,0,0,0,6.6,0,0,Da Silva Costa,29.4,a,4,424.0,46,1081666,300294,4.6,4,FWD,4,Chelsea,1.5,Hull,1.3732673267326732,2.7900990099009904,4.198019801980198,9926.65
117,0,0,29,100.0,0,20066,0.0,0,266,1,0,Wayne,0.0,2,0,4.4,100,False,44.2,0,180,44,0,0,0,2.5,0,6,Hennessey,2.7,a,5,0.0,5,12228,79528,1.1,0,GKP,5,Crystal Palace,0.8,Everton,0.0,1.0045454545454546,0.0,5.0
118,0,0,62,,0,44413,0.0,0,0,1,2,Steve,2.0,6,0,8.8,102,False,88.6,0,450,44,0,0,0,2.2,0,11,Mandanda,3.7,a,5,0.0,11,31785,63520,2.5,0,GKP,5,Crystal Palace,0.8,Everton,0.0,2.0136363636363637,0.0,152.76
119,0,0,44,100.0,0,49413,0.9,0,221,2,1,James,3.0,4,1,15.5,103,False,89.0,0,234,50,0,0,0,2.5,0,0,Tomkins,0.1,a,5,64.0,10,1989,1671,2.0,1,DEF,5,Crystal Palace,0.8,Everton,0.018000000000000002,1.78,1.28,379.36000000000007
120,0,1,94,0.0,0,19188,13.6,1,480,2,0,Scott,2.7,5,2,33.6,104,False,155.6,0,450,54,0,0,0,4.4,0,0,Dann,4.7,i,5,166.0,22,67308,167797,4.1,1,DEF,5,Crystal Palace,0.8,Everton,0.2518518518518518,2.8814814814814813,3.074074074074074,746.0320000000002
121,1,3,114,,0,55494,65.2,0,333,2,8,Joel,3.7,8,0,28.0,105,False,144.2,0,627,49,0,0,0,2.6,0,0,Ward,0.9,a,5,70.0,18,8914,19463,3.7,1,DEF,5,Crystal Palace,0.8,Everton,1.3306122448979592,2.9428571428571426,1.4285714285714286,845.024
122,1,0,59,,0,58786,30.7,0,96,2,2,Martin,2.7,5,0,11.2,106,False,77.4,0,348,44,0,0,0,2.0,0,0,Kelly,0.9,a,5,4.0,12,27239,10193,2.7,0,DEF,5,Crystal Palace,0.8,Everton,0.6977272727272728,1.7590909090909093,0.09090909090909091,254.13600000000002
123,0,0,101,100.0,1,7906,16.3,0,366,2,2,Damien,1.3,7,0,18.1,107,False,145.6,0,576,50,0,0,0,2.1,0,0,Delaney,0.8,a,5,20.0,15,6005,18616,3.0,1,DEF,5,Crystal Palace,0.8,Everton,0.326,2.912,0.4,204.17600000000004
124,0,0,37,0.0,0,79228,33.5,0,354,2,0,Pape,0.0,3,0,9.7,108,False,53.6,0,270,44,0,0,0,2.0,0,0,Souaré,0.5,i,5,9.0,6,19945,43739,1.4,0,DEF,5,Crystal Palace,0.8,Everton,0.7613636363636364,1.2181818181818183,0.20454545454545456,6.0
125,1,0,15,,0,106603,14.3,0,0,2,0,Ezekiel,1.3,0,0,3.6,580,False,22.0,0,16,45,0,0,0,4.0,0,0,Fryers,0.0,a,5,0.0,4,610,198,0.9,0,DEF,5,Crystal Palace,0.8,Everton,0.31777777777777777,0.4888888888888889,0.0,41.752
127,3,4,145,,0,19197,363.5,0,381,3,1,Jason,3.3,8,0,61.2,110,False,165.6,0,616,55,0,0,0,3.4,0,0,Puncheon,1.7,a,5,82.0,24,55255,38179,4.4,3,MID,5,Crystal Palace,0.8,Everton,6.609090909090909,3.0109090909090908,1.490909090909091,1637.304
128,1,3,77,100.0,0,82403,94.8,0,353,3,2,Wilfried,1.3,5,1,40.9,111,False,126.4,0,475,54,0,0,0,3.2,0,0,Zaha,2.5,a,5,187.0,19,84850,73995,3.5,3,MID,5,Crystal Palace,0.8,Everton,1.7555555555555555,2.340740740740741,3.462962962962963,443.528
129,0,0,8,0.0,0,59115,31.2,0,118,3,0,Mile,0.0,1,0,4.3,112,False,11.8,0,90,45,0,0,0,2.0,0,0,Jedinak,0.2,u,5,0.0,2,1058,23191,0.4,0,MID,5,Crystal Palace,0.8,Everton,0.6933333333333334,0.26222222222222225,0.0,2.0
130,0,1,70,100.0,1,18805,21.8,0,121,3,2,Joe,4.3,4,1,10.0,113,False,66.2,0,385,45,0,0,0,3.2,0,0,Ledley,0.7,a,5,13.0,16,13657,13243,3.6,0,MID,5,Crystal Palace,0.8,Everton,0.48444444444444446,1.4711111111111113,0.28888888888888886,363.44
131,1,4,98,100.0,0,50471,36.1,0,282,3,2,James,7.3,6,2,28.3,114,False,139.8,0,413,49,0,0,0,5.2,0,0,McArthur,1.0,a,5,106.0,26,40657,6523,5.3,1,MID,5,Crystal Palace,0.8,Everton,0.7367346938775511,2.853061224489796,2.163265306122449,1672.2960000000003
132,0,0,7,,0,49438,12.8,0,54,3,0,Jordon,0.0,1,0,1.8,115,False,4.8,0,9,44,0,0,0,1.0,0,0,Mutch,0.1,a,5,0.0,1,1335,2809,0.2,0,MID,5,Crystal Palace,0.8,Everton,0.29090909090909095,0.10909090909090909,0.0,1.0
134,1,0,63,,2,75773,90.5,0,56,3,1,Chung-yong,2.0,1,0,17.2,117,False,49.6,0,193,45,0,0,0,2.0,0,0,Lee,0.3,a,5,31.0,14,11146,9513,3.1,0,MID,5,Crystal Palace,0.8,Everton,2.011111111111111,1.1022222222222222,0.6888888888888889,287.76
135,0,0,19,100.0,0,27341,72.7,0,397,3,1,Yohan,0.7,4,0,18.5,118,False,25.0,0,233,57,0,1,0,0.6,0,0,Cabaye,1.3,a,5,88.0,3,6094,104092,0.5,2,MID,5,Crystal Palace,0.8,Everton,1.275438596491228,0.43859649122807015,1.543859649122807,106.99199999999999
137,1,3,104,,1,60252,182.7,1,315,3,1,Andros,5.7,7,1,49.0,120,False,134.4,0,610,63,0,0,0,3.4,0,0,Townsend,3.9,a,5,176.0,24,65356,149791,3.8,2,MID,5,Crystal Palace,0.8,Everton,2.9,2.1333333333333333,2.7936507936507935,2272.536
140,0,0,7,,0,18155,10.2,0,0,3,0,Mathieu,0.3,1,0,2.0,576,False,9.8,0,20,45,0,0,0,1.0,0,0,Flamini,0.0,a,5,0.0,2,1696,789,0.4,0,MID,5,Crystal Palace,0.8,Everton,0.22666666666666666,0.2177777777777778,0.0,6.800000000000001
144,0,0,14,100.0,0,59125,21.6,0,225,4,0,Connor,0.3,3,0,7.6,122,False,18.2,0,263,57,0,0,0,1.8,0,0,Wickham,0.4,a,5,42.0,7,7421,38233,1.2,0,FWD,5,Crystal Palace,0.8,Everton,0.37894736842105264,0.3192982456140351,0.7368421052631579,26.632000000000005
145,0,2,76,,0,54861,83.5,0,315,4,5,Christian,4.7,6,3,41.5,213,False,99.2,0,443,76,0,0,0,4.6,0,0,Benteke,7.0,a,5,233.0,23,296173,129387,3.0,1,FWD,5,Crystal Palace,0.8,Everton,1.0986842105263157,1.305263157894737,3.0657894736842106,1586.0320000000002
148,0,0,3,0.0,0,191769,0.3,0,0,4,0,Jonathan,0.0,0,0,1.4,579,False,5.0,0,7,45,0,0,0,1.0,0,0,Benteke,0.1,i,5,9.0,1,8980,5640,0.2,0,FWD,5,Crystal Palace,0.8,Everton,0.006666666666666666,0.1111111111111111,0.2,1.0
150,0,0,104,100.0,3,40383,0.0,0,233,1,6,Fraser,6.3,6,0,6.2,294,False,62.2,0,630,50,0,0,0,3.6,0,8,Forster,4.3,a,13,0.0,25,37491,64088,5.0,1,GKP,13,Southampton,1.0,Leicester,0.0,1.244,0.0,416.86
152,1,3,91,100.0,3,40146,49.2,1,415,2,6,Ryan,8.0,2,0,14.1,296,False,78.0,0,360,54,0,0,0,6.0,0,0,Bertrand,1.3,d,13,14.0,24,28625,15127,4.4,1,DEF,13,Southampton,1.0,Leicester,0.9111111111111112,1.4444444444444444,0.25925925925925924,1153.6
153,0,4,125,75.0,3,38580,3.8,0,487,2,8,Jose,7.3,5,0,13.6,297,False,110.6,0,540,54,0,0,0,4.2,0,0,Fonte,4.1,a,13,22.0,25,19950,64969,4.6,1,DEF,13,Southampton,1.0,Leicester,0.07037037037037036,2.048148148148148,0.4074074074074074,1020.72
154,0,0,17,,0,80447,0.3,0,152,2,0,Maya,0.0,1,0,2.4,298,False,18.0,0,90,43,0,0,0,2.0,0,0,Yoshida,0.3,a,13,6.0,2,2000,8004,0.5,0,DEF,13,Southampton,1.0,Leicester,0.0069767441860465115,0.4186046511627907,0.13953488372093023,2.0
155,0,0,53,100.0,0,169359,56.3,0,169,2,0,Matt,0.0,4,0,11.4,299,False,50.4,0,270,44,0,0,0,1.7,0,0,Targett,0.6,a,13,7.0,5,12167,22893,1.1,0,DEF,13,Southampton,1.0,Leicester,1.2795454545454545,1.1454545454545455,0.1590909090909091,5.0
157,0,5,131,75.0,2,58822,136.0,0,320,2,1,Cédric,6.0,6,0,30.2,301,False,130.2,0,552,50,0,0,0,3.4,0,0,Soares,2.0,d,13,35.0,24,53964,25345,4.8,0,DEF,13,Southampton,1.0,Leicester,2.72,2.6039999999999996,0.7,1831.1999999999998
158,0,0,28,,1,56192,12.0,0,203,2,6,Cuco,2.7,0,0,2.3,302,False,7.8,0,76,43,0,0,0,2.7,0,0,Martina,0.2,a,13,4.0,8,4625,3654,1.9,0,DEF,13,Southampton,1.0,Leicester,0.27906976744186046,0.18139534883720929,0.09302325581395349,72.26
159,0,4,147,,3,97032,18.4,1,452,2,9,Virgil,7.0,6,0,27.2,303,False,175.6,0,630,54,0,0,0,3.6,0,0,van Dijk,8.4,a,13,77.0,25,25654,178971,4.6,3,DEF,13,Southampton,1.0,Leicester,0.34074074074074073,3.2518518518518515,1.4259259259259258,1922.0
160,0,0,2,0.0,0,40833,16.8,0,0,2,0,Jérémy,0.0,0,0,3.4,492,False,0.0,0,12,48,0,0,0,1.0,0,0,Pied,0.0,i,13,17.0,1,122,2308,0.2,0,DEF,13,Southampton,1.0,Leicester,0.35000000000000003,0.0,0.3541666666666667,1.0
162,0,3,86,,3,83283,242.8,0,379,3,3,Nathan,3.0,6,1,56.8,304,False,88.0,0,630,59,0,0,0,3.4,0,0,Redmond,6.8,a,13,237.0,24,278137,301275,4.1,1,MID,13,Southampton,1.0,Leicester,4.115254237288136,1.4915254237288136,4.016949152542373,1727.3999999999999
163,0,0,101,,3,17339,160.0,0,535,3,3,Steven,3.0,6,0,33.9,305,False,77.6,0,606,53,0,0,0,2.3,0,0,Davis,0.7,a,13,101.0,16,2198,26194,3.0,1,MID,13,Southampton,1.0,Leicester,3.018867924528302,1.4641509433962263,1.9056603773584906,1031.8000000000002
164,1,0,49,,0,101178,39.8,0,266,3,1,James,2.3,2,1,15.4,306,False,64.8,0,93,52,0,0,0,2.6,0,0,Ward-Prowse,0.2,a,13,49.0,13,1283,7645,2.5,0,MID,13,Southampton,1.0,Leicester,0.7653846153846153,1.2461538461538462,0.9423076923076923,366.28
166,2,0,103,,4,62399,338.3,0,564,3,3,Dusan,5.7,4,1,66.1,308,False,125.4,0,554,72,0,0,0,4.1,0,0,Tadic,2.6,a,13,196.0,29,32067,135831,4.0,0,MID,13,Southampton,1.0,Leicester,4.698611111111111,1.7416666666666667,2.7222222222222223,3789.2900000000004
167,0,0,24,,0,85654,29.5,0,183,3,0,Jordy,0.3,3,0,4.3,309,False,18.2,0,196,47,0,0,0,1.7,0,0,Clasie,0.1,a,13,3.0,5,940,2417,1.0,0,MID,13,Southampton,1.0,Leicester,0.6276595744680851,0.3872340425531915,0.06382978723404255,20.21
168,0,3,113,100.0,3,78056,39.2,0,239,3,3,Oriol,2.7,4,0,19.8,310,False,115.2,0,551,45,0,0,0,2.6,0,0,Romeu Vidal,0.4,a,13,44.0,18,13267,7667,4.0,1,MID,13,Southampton,1.0,Leicester,0.8711111111111112,2.56,0.9777777777777777,553.68
169,0,2,23,0.0,0,44683,4.7,0,56,3,0,Jay,0.0,2,1,6.3,311,False,35.2,0,69,63,0,0,0,3.3,0,0,Rodriguez,0.2,i,13,24.0,10,3522,14375,1.6,0,MID,13,Southampton,1.0,Leicester,0.0746031746031746,0.5587301587301587,0.38095238095238093,10.0
170,0,0,89,,2,132015,146.1,0,0,3,3,Pierre-Emile,2.3,4,0,31.8,312,False,93.6,0,450,44,0,0,0,1.7,0,0,Højbjerg,1.9,a,13,80.0,12,25292,66544,2.7,1,MID,13,Southampton,1.0,Leicester,3.3204545454545453,2.127272727272727,1.8181818181818181,747.31
175,0,0,16,,0,20452,75.1,0,435,4,1,Shane,0.7,5,0,26.2,313,False,28.6,0,324,61,0,0,0,1.1,0,0,Long,4.7,d,13,160.0,8,48721,377782,1.3,1,FWD,13,Southampton,1.0,Leicester,1.2311475409836066,0.46885245901639344,2.622950819672131,192.58999999999997
176,1,3,76,,3,78356,32.6,0,32,4,2,Charlie,6.3,0,2,26.1,314,False,93.8,0,297,63,0,0,0,3.8,0,0,Austin,4.7,a,13,137.0,23,171920,59553,3.7,0,FWD,13,Southampton,1.0,Leicester,0.5174603174603175,1.488888888888889,2.1746031746031744,1682.42
178,0,0,92,,2,10318,0.0,0,151,1,2,Maarten,2.3,5,0,8.4,124,False,84.0,0,630,50,1,0,0,2.9,0,10,Stekelenburg,3.3,a,6,0.0,20,97278,35128,4.0,2,GKP,6,Everton,1.2,Crystal Palace,0.0,1.68,0.0,251.83999999999997
179,1,2,108,25.0,2,12745,110.6,0,212,2,0,Leighton,2.5,3,0,22.3,125,False,74.8,0,450,55,0,1,0,4.2,0,0,Baines,8.7,d,6,38.0,21,223772,223778,3.8,0,DEF,6,Everton,1.2,Crystal Palace,2.0109090909090908,1.3599999999999999,0.6909090909090909,691.1999999999999
180,0,4,95,100.0,1,59949,40.1,1,327,2,2,Seamus,5.5,3,1,18.9,126,False,112.8,0,360,55,0,0,0,5.5,0,0,Coleman,4.8,a,6,36.0,22,137999,81578,4.0,0,DEF,6,Everton,1.2,Crystal Palace,0.7290909090909091,2.050909090909091,0.6545454545454545,1268.74
181,1,3,145,100.0,2,7645,13.9,0,221,2,6,Phil,4.0,5,0,24.7,127,False,192.4,0,630,51,0,0,0,4.0,0,0,Jagielka,5.9,d,6,41.0,28,177761,42956,5.5,0,DEF,6,Everton,1.2,Crystal Palace,0.27254901960784317,3.772549019607843,0.803921568627451,1215.04
184,0,0,40,,0,121221,13.1,0,304,2,1,Ramiro,0.3,2,0,9.1,132,False,54.2,0,197,48,0,0,0,1.5,0,0,Funes Mori,1.5,a,6,24.0,6,12830,61313,1.3,0,DEF,6,Everton,1.2,Crystal Palace,0.27291666666666664,1.1291666666666667,0.5,38.867999999999995
185,0,0,110,100.0,2,19159,11.8,0,487,2,2,Ashley,3.0,3,0,21.8,359,False,136.2,0,460,51,0,0,0,3.2,0,0,Williams,9.3,a,6,70.0,19,153734,98637,3.7,0,DEF,6,Everton,1.2,Crystal Palace,0.23137254901960785,2.6705882352941175,1.3725490196078431,803.8
186,1,3,78,,1,194164,25.9,0,0,2,0,Mason,0.0,2,0,12.3,495,False,70.4,0,270,44,0,0,0,5.3,0,0,Holgate,4.7,a,6,26.0,16,291918,161225,3.6,0,DEF,6,Everton,1.2,Crystal Palace,0.5886363636363636,1.6,0.5909090909090909,16.0
187,2,1,82,,2,55452,179.9,0,469,3,1,Yannick,3.8,4,0,36.7,109,False,110.0,0,487,61,0,0,0,2.7,0,0,Bolasie,5.8,a,6,77.0,19,173641,133054,3.1,2,MID,6,Everton,1.2,Crystal Palace,2.9491803278688526,1.8032786885245902,1.2622950819672132,1692.0639999999996
188,2,1,82,,2,26901,139.9,0,245,3,1,Kevin,2.5,4,1,37.9,133,False,90.2,0,458,65,0,0,0,3.7,0,0,Mirallas,3.5,a,6,150.0,26,198675,126426,3.9,0,MID,6,Everton,1.2,Crystal Palace,2.1523076923076925,1.3876923076923078,2.3076923076923075,1166.3
189,1,3,67,,1,88894,276.7,0,654,3,2,Ross,1.8,5,1,60.4,134,False,109.2,0,564,74,0,0,0,3.4,0,0,Barkley,10.1,a,6,218.0,24,446389,449182,3.2,1,MID,6,Everton,1.2,Crystal Palace,3.739189189189189,1.4756756756756757,2.945945945945946,1328.424
190,0,0,23,100.0,0,43250,29.0,0,241,3,1,Tom,0.8,1,0,5.6,135,False,20.4,0,133,53,0,0,0,1.0,0,0,Cleverley,0.1,a,6,6.0,4,585,6260,0.8,1,MID,6,Everton,1.2,Crystal Palace,0.5471698113207547,0.38490566037735846,0.11320754716981132,57.184
191,0,0,14,0.0,0,50472,7.2,0,365,3,0,James,0.0,2,0,3.0,136,False,21.8,0,127,48,0,0,0,1.5,0,0,McCarthy,0.2,i,6,0.0,3,1660,9771,0.6,0,MID,6,Everton,1.2,Crystal Palace,0.15,0.45416666666666666,0.0,3.0
192,0,3,120,,2,1632,82.3,0,418,3,1,Gareth,2.8,5,2,39.9,137,False,177.0,0,588,47,0,0,0,3.6,0,0,Barry,7.7,a,6,140.0,25,287415,115174,5.3,3,MID,6,Everton,1.2,Crystal Palace,1.751063829787234,3.765957446808511,2.978723404255319,1366.648
195,0,0,19,,0,77762,5.3,0,130,3,1,Bryan,0.5,2,0,3.0,140,False,24.0,0,170,44,0,0,0,1.0,0,0,Oviedo,0.1,a,6,0.0,2,2641,3888,0.5,2,MID,6,Everton,1.2,Crystal Palace,0.12045454545454545,0.5454545454545454,0.0,19.58
196,0,0,24,,0,94924,62.3,0,283,3,0,Gerard,0.8,2,0,17.8,141,False,24.2,0,222,61,0,0,0,1.4,0,0,Deulofeu,1.3,a,6,91.0,7,17352,115051,1.1,0,MID,6,Everton,1.2,Crystal Palace,1.021311475409836,0.39672131147540984,1.4918032786885247,177.4
197,0,0,6,,0,17349,0.3,0,278,3,0,Aaron,0.0,0,0,0.9,142,False,8.2,0,15,56,0,0,0,1.0,0,0,Lennon,0.2,a,6,0.0,1,1154,9794,0.2,0,MID,6,Everton,1.2,Crystal Palace,0.005357142857142857,0.1464285714285714,0.0,1.0
198,1,1,151,,2,80801,131.8,0,270,3,1,Idrissa,2.5,5,0,30.6,488,False,133.6,0,620,50,0,0,0,2.4,0,0,Gueye,0.6,a,6,41.0,17,20147,10297,3.4,3,MID,6,Everton,1.2,Crystal Palace,2.636,2.6719999999999997,0.82,936.1999999999999
199,0,0,6,,0,173807,2.0,0,0,3,0,Tom,0.3,0,0,0.6,512,False,4.2,0,18,44,0,0,0,1.0,0,0,Davies,0.0,a,6,0.0,2,900,965,0.4,0,MID,6,Everton,1.2,Crystal Palace,0.045454545454545456,0.09545454545454546,0.0,4.231999999999999
200,1,8,146,100.0,2,66749,148.7,2,754,4,8,Romelu,9.8,3,5,74.9,143,True,236.6,0,476,94,0,0,0,7.0,0,0,Lukaku,22.2,d,6,364.0,42,798663,262085,4.5,0,FWD,6,Everton,1.2,Crystal Palace,1.581914893617021,2.5170212765957447,3.872340425531915,8853.768
201,0,0,9,,0,26921,17.2,0,289,4,0,Arouna,0.3,0,0,4.6,144,False,6.8,0,46,52,0,0,0,1.0,0,0,Koné,1.1,a,6,22.0,3,10538,50835,0.6,0,FWD,6,Everton,1.2,Crystal Palace,0.33076923076923076,0.13076923076923078,0.4230769230769231,19.56
203,1,0,14,,1,148179,4.9,0,200,4,0,Enner,0.5,4,0,14.7,469,False,5.8,0,246,54,0,0,0,2.0,0,0,Valencia,2.4,a,6,139.0,10,80044,113045,1.9,0,FWD,6,Everton,1.2,Crystal Palace,0.09074074074074075,0.10740740740740741,2.574074074074074,99.82000000000001
205,0,0,114,100.0,1,11974,0.0,1,0,1,0,Eldin,2.3,7,0,16.3,147,False,162.6,0,450,42,0,0,1,4.6,0,21,Jakupovic,23.2,a,7,0.0,23,404424,101046,5.5,0,GKP,7,Hull,0.5,Chelsea,0.0,3.8714285714285714,0.0,209.98999999999998
207,0,0,44,,0,15144,0.0,0,0,1,3,David,1.7,7,0,6.6,554,False,66.2,0,180,45,0,0,0,2.5,0,12,Marshall,0.1,a,7,0.0,5,2805,909,1.1,0,GKP,7,Hull,0.5,Chelsea,0.0,1.4711111111111113,0.0,61.27
209,1,3,149,,1,19115,11.5,1,0,2,1,Curtis,0.3,14,0,34.2,149,False,274.4,0,630,50,0,0,0,2.6,0,0,Davies,2.8,a,7,57.0,18,93971,49622,3.6,1,DEF,7,Hull,0.5,Chelsea,0.23,5.4879999999999995,1.14,69.435
212,0,1,108,,1,122798,48.2,0,0,2,0,Andrew,0.0,14,0,16.5,152,False,109.6,0,630,45,0,0,0,1.9,0,0,Robertson,1.8,a,7,7.0,13,45754,25325,2.9,1,DEF,7,Hull,0.5,Chelsea,1.0711111111111111,2.4355555555555553,0.15555555555555556,13.0
213,1,0,37,100.0,0,95658,10.6,0,0,2,0,Harry,1.0,6,0,5.4,153,False,39.2,0,102,44,0,0,0,1.3,0,0,Maguire,0.0,a,7,4.0,4,933,621,0.9,0,DEF,7,Hull,0.5,Chelsea,0.2409090909090909,0.890909090909091,0.09090909090909091,30.900000000000002
217,0,6,131,100.0,1,18987,178.4,0,0,3,2,Robert,4.0,13,3,49.8,155,False,167.2,0,587,57,0,0,0,5.0,0,0,Snodgrass,8.3,a,7,158.0,35,358794,118099,6.1,0,MID,7,Hull,0.5,Chelsea,3.1298245614035087,2.933333333333333,2.7719298245614037,1042.2
218,0,0,119,,1,74033,30.7,0,0,3,2,Sam,2.0,14,0,14.4,156,False,102.0,0,612,49,0,0,0,2.0,0,0,Clucas,0.1,a,7,11.0,14,854,2216,2.9,1,MID,7,Hull,0.5,Chelsea,0.6265306122448979,2.0816326530612246,0.22448979591836735,157.7
219,0,0,93,,1,49944,15.7,0,0,3,1,Jake,0.3,14,0,20.4,157,False,171.8,0,579,49,0,0,0,1.4,1,0,Livermore,0.1,a,7,17.0,10,1730,3427,2.0,1,MID,7,Hull,0.5,Chelsea,0.32040816326530613,3.506122448979592,0.3469387755102041,40.675
220,0,0,81,0.0,1,37339,32.5,0,0,3,0,Ahmed,0.0,12,0,12.5,158,False,83.2,0,478,49,0,0,0,1.5,1,0,Elmohamady,0.3,a,7,9.0,9,5896,16130,1.8,0,MID,7,Hull,0.5,Chelsea,0.6632653061224489,1.6979591836734695,0.1836734693877551,9.0
222,1,0,69,,1,15109,68.2,0,0,3,1,Tom,0.7,8,0,13.7,160,False,41.4,0,472,49,0,0,0,1.9,0,0,Huddlestone,0.2,a,7,27.0,13,3698,6218,2.7,2,MID,7,Hull,0.5,Chelsea,1.3918367346938776,0.8448979591836734,0.5510204081632653,60.81
223,0,0,110,,1,53371,83.8,0,0,3,2,David,3.3,12,1,23.3,161,False,110.2,0,580,45,0,0,0,2.6,0,0,Meyler,0.4,a,7,37.0,18,10831,6234,4.0,1,MID,7,Hull,0.5,Chelsea,1.8622222222222222,2.448888888888889,0.8222222222222222,399.15
224,1,2,50,100.0,0,9110,21.7,1,0,3,1,Shaun,0.3,2,1,13.5,162,False,66.6,0,97,45,0,0,0,3.5,0,0,Maloney,1.5,a,7,47.0,14,87399,53087,3.1,0,MID,7,Hull,0.5,Chelsea,0.4822222222222222,1.48,1.0444444444444445,34.295
225,0,0,29,,0,58791,21.9,0,147,3,2,Ryan,1.3,9,0,9.1,396,False,23.2,0,213,49,0,0,0,1.3,0,0,Mason,0.1,a,7,46.0,5,2333,2292,1.0,1,MID,7,Hull,0.5,Chelsea,0.44693877551020406,0.473469387755102,0.9387755102040817,64.215
228,0,0,5,,0,82771,1.5,0,0,3,2,Markus,1.0,2,0,1.9,573,False,0.4,0,89,54,0,0,0,1.5,0,0,Henriksen,0.0,a,7,18.0,3,690,389,0.6,0,MID,7,Hull,0.5,Chelsea,0.027777777777777776,0.007407407407407408,0.3333333333333333,12.95
229,1,0,40,100.0,2,59856,58.5,0,0,4,1,Abel,1.7,9,1,25.3,163,False,57.4,0,537,60,0,0,0,2.9,0,0,Hernández,2.0,a,7,137.0,20,98658,73179,3.3,0,FWD,7,Hull,0.5,Chelsea,0.975,0.9566666666666667,2.283333333333333,234.965
230,0,2,52,,2,111847,67.4,0,0,4,2,Adama,1.3,6,1,20.9,164,False,64.0,0,456,46,0,0,0,2.6,0,0,Diomande,7.1,a,7,78.0,18,327093,172161,3.9,0,FWD,7,Hull,0.5,Chelsea,1.465217391304348,1.391304347826087,1.6956521739130435,154.11
234,0,0,2,,0,91126,1.8,0,0,4,0,Will,0.0,1,0,0.3,557,False,1.0,0,21,45,0,0,0,1.0,0,0,Keane,0.2,a,7,0.0,1,10751,4986,0.2,0,FWD,7,Hull,0.5,Chelsea,0.04,0.022222222222222223,0.0,1.0
235,1,0,18,,0,39472,2.4,0,0,4,2,Dieumerci,2.0,4,0,2.2,569,False,11.4,0,104,55,0,0,0,3.0,0,0,Mbokani,0.1,a,7,8.0,6,3792,1722,1.1,0,FWD,7,Hull,0.5,Chelsea,0.04363636363636363,0.20727272727272728,0.14545454545454545,27.799999999999997
236,0,3,107,100.0,2,17745,0.0,0,475,1,9,Kasper,3.0,6,0,15.0,165,False,149.4,0,416,50,0,0,0,4.4,0,21,Schmeichel,9.3,a,8,0.0,22,60321,220738,4.4,0,GKP,8,Leicester,1.0,Southampton,0.0,2.988,0.0,470.20000000000005
237,0,0,43,,1,51934,0.0,0,0,1,0,Ron-Robert,2.3,5,0,3.4,166,False,33.8,0,214,45,0,0,0,2.7,0,5,Zieler,0.3,a,8,0.0,8,2307,3828,1.8,0,GKP,8,Leicester,1.0,Southampton,0.0,0.7511111111111111,0.0,85.73999999999998
239,0,0,133,,3,15033,22.3,0,549,2,6,Wes,4.0,11,1,19.3,167,False,136.4,0,630,50,0,0,0,3.9,0,0,Morgan,22.6,a,8,34.0,27,194528,301616,5.4,0,DEF,8,Leicester,1.0,Southampton,0.446,2.728,0.68,797.8000000000001
240,1,3,161,,3,37402,119.8,1,482,2,6,Christian,6.0,11,0,30.9,168,False,135.2,0,630,54,0,0,0,3.7,0,0,Fuchs,8.0,a,8,53.0,26,37982,171326,4.8,1,DEF,8,Leicester,1.0,Southampton,2.2185185185185183,2.5037037037037035,0.9814814814814815,1874.0
241,0,0,6,100.0,0,86417,24.5,0,236,2,0,Jeffrey,0.3,0,0,3.4,169,False,5.6,0,29,49,0,0,0,1.0,0,0,Schlupp,0.2,a,8,4.0,1,645,12295,0.2,0,DEF,8,Leicester,1.0,Southampton,0.5,0.11428571428571428,0.08163265306122448,11.23
244,0,1,105,100.0,3,40725,21.7,0,390,2,6,Danny,4.0,9,0,12.5,172,False,102.0,0,565,50,0,0,0,2.7,0,0,Simpson,1.8,a,8,2.0,19,10040,45166,3.8,3,DEF,8,Leicester,1.0,Southampton,0.434,2.04,0.04,521.8
245,1,0,93,100.0,3,12413,11.2,0,453,2,6,Robert,3.7,9,0,16.0,173,False,80.2,0,540,50,0,0,0,3.3,0,0,Huth,1.8,a,8,68.0,20,30720,22973,4.0,3,DEF,8,Leicester,1.0,Southampton,0.22399999999999998,1.604,1.36,609.78
247,0,0,23,,0,130025,29.6,0,0,2,0,Luis,0.0,4,0,5.8,175,False,28.2,0,147,43,0,0,0,0.5,0,0,Hernández,0.5,a,8,0.0,1,3649,12964,0.2,0,DEF,8,Leicester,1.0,Southampton,0.6883720930232559,0.6558139534883721,0.0,1.0
249,1,1,69,,3,103025,143.7,0,994,3,2,Riyad,3.0,11,1,41.6,176,False,88.2,0,579,92,0,1,0,3.1,0,0,Mahrez,14.1,a,8,184.0,22,80677,601594,2.4,1,MID,8,Leicester,1.0,Southampton,1.5619565217391302,0.9586956521739131,2.0,1269.6999999999998
250,0,0,64,,4,51938,113.6,0,519,3,3,Marc,2.7,7,0,19.8,177,False,49.4,0,440,52,0,0,0,2.7,0,0,Albrighton,1.1,a,8,35.0,16,6649,41353,3.0,0,MID,8,Leicester,1.0,Southampton,2.1846153846153844,0.95,0.6730769230769231,550.6
251,0,0,22,,0,13152,8.9,0,174,3,0,Andy,0.7,2,0,5.2,178,False,16.2,0,162,48,0,0,0,1.3,0,0,King,0.3,a,8,27.0,5,2379,8528,1.0,0,MID,8,Leicester,1.0,Southampton,0.18541666666666667,0.33749999999999997,0.5625,41.47
252,1,2,115,,3,61603,87.8,0,592,3,3,Daniel,2.7,11,0,33.0,179,False,119.4,0,618,54,0,0,0,3.1,0,0,Drinkwater,7.1,d,8,122.0,22,59040,180626,4.1,0,MID,8,Leicester,1.0,Southampton,1.6259259259259258,2.2111111111111112,2.259259259259259,910.84
254,1,0,47,,0,172632,26.2,0,57,3,1,Demarai,2.7,2,1,11.3,181,False,50.8,0,143,49,0,0,0,3.3,0,0,Gray,0.8,a,8,35.0,13,25331,32435,2.7,0,MID,8,Leicester,1.0,Southampton,0.5346938775510204,1.036734693877551,0.7142857142857143,315.40000000000003
255,1,0,72,,2,155569,63.9,0,23,3,3,Daniel,3.7,9,0,15.6,182,False,55.8,0,473,45,0,0,0,2.5,0,0,Amartey,0.2,a,8,35.0,15,4927,2453,3.3,1,MID,8,Leicester,1.0,Southampton,1.42,1.24,0.7777777777777778,587.39
258,1,3,92,100.0,3,101668,95.9,0,945,4,2,Jamie,3.0,11,2,39.9,184,False,109.2,0,560,98,0,0,0,3.9,0,0,Vardy,13.2,a,8,195.0,27,130244,579594,2.8,0,FWD,8,Leicester,1.0,Southampton,0.9785714285714286,1.1142857142857143,1.989795918367347,1227.3000000000002
259,0,0,10,,0,54316,8.8,0,226,4,1,Leonardo,0.3,2,0,2.0,185,False,3.8,0,82,57,0,0,0,1.0,0,0,Ulloa,0.2,a,8,11.0,5,1991,7528,0.9,0,FWD,8,Leicester,1.0,Southampton,0.1543859649122807,0.06666666666666667,0.19298245614035087,12.08
260,0,0,16,,2,78412,32.6,0,320,4,1,Shinji,0.3,2,0,11.2,186,False,14.0,0,238,57,0,0,0,1.4,0,0,Okazaki,1.4,d,8,71.0,7,22167,61422,1.2,0,FWD,8,Leicester,1.0,Southampton,0.5719298245614035,0.24561403508771928,1.2456140350877194,42.279999999999994
261,0,0,16,,0,90714,65.9,0,0,4,0,Ahmed,0.0,5,0,11.1,187,False,15.6,0,155,70,0,0,0,1.3,0,0,Musa,3.7,a,8,29.0,5,25168,337027,0.7,0,FWD,8,Leicester,1.0,Southampton,0.9414285714285715,0.22285714285714286,0.4142857142857143,5.0
262,0,3,62,,2,149828,37.3,1,0,4,2,Islam,5.7,4,2,23.7,567,False,79.4,0,257,86,0,0,0,5.7,0,0,Slimani,2.0,a,8,120.0,17,95059,30911,2.0,0,FWD,8,Leicester,1.0,Southampton,0.4337209302325581,0.9232558139534884,1.3953488372093024,1366.19
263,0,1,81,,0,66797,0.0,0,340,1,0,Simon,1.0,8,0,10.8,188,False,109.2,0,450,50,0,0,1,3.2,0,10,Mignolet,2.8,a,9,0.0,16,62682,60954,3.2,0,GKP,9,Liverpool,1.5,Swansea,0.0,2.184,0.0,179.8
264,0,0,18,100.0,0,104542,0.0,0,0,1,2,Loris,1.3,2,0,1.8,189,False,18.4,0,180,49,0,0,0,2.0,0,2,Karius,0.7,a,9,0.0,4,17159,6299,0.8,0,GKP,9,Liverpool,1.5,Swansea,0.0,0.3755102040816326,0.0,39.879999999999995
267,0,1,81,100.0,0,38454,21.1,0,248,2,2,Dejan,3.7,8,1,22.1,191,False,126.2,0,450,49,0,0,0,2.6,0,0,Lovren,3.6,d,9,73.0,13,85793,67172,2.7,2,DEF,9,Liverpool,1.5,Swansea,0.43061224489795924,2.575510204081633,1.489795918367347,1235.665
268,0,0,12,100.0,0,100059,17.9,0,394,2,0,Alberto,0.0,3,0,2.8,192,False,10.0,0,105,47,0,0,0,0.7,0,0,Moreno,2.1,a,9,0.0,2,7619,114504,0.4,1,DEF,9,Liverpool,1.5,Swansea,0.38085106382978723,0.2127659574468085,0.0,2.0
269,1,0,114,,0,57328,197.3,0,387,2,2,Nathaniel,2.0,10,0,40.4,193,False,123.6,0,630,55,0,0,0,2.1,0,0,Clyne,9.6,d,9,83.0,15,105465,139265,2.7,0,DEF,9,Liverpool,1.5,Swansea,3.5872727272727274,2.247272727272727,1.509090909090909,1226.6999999999998
272,0,0,12,,0,106449,0.4,0,69,2,0,Kevin,0.3,0,0,0.4,198,False,3.6,0,20,44,0,0,0,1.0,0,0,Stewart,0.2,a,9,0.0,4,1706,3010,0.9,0,DEF,9,Liverpool,1.5,Swansea,0.009090909090909092,0.08181818181818182,0.0,5.8
273,0,0,77,100.0,0,60914,9.8,0,0,2,2,Joel,2.0,5,0,17.9,199,False,107.2,0,450,54,0,0,0,1.8,0,0,Matip,1.7,a,9,62.0,9,19511,32994,1.7,1,DEF,9,Liverpool,1.5,Swansea,0.1814814814814815,1.9851851851851852,1.1481481481481481,546.0
274,0,0,53,100.0,0,33871,17.0,0,0,2,0,Ragnar,0.7,6,0,9.7,474,False,57.2,0,270,49,0,0,0,1.3,0,0,Klavan,0.6,a,9,22.0,4,7397,30921,0.8,0,DEF,9,Liverpool,1.5,Swansea,0.3469387755102041,1.1673469387755102,0.4489795918367347,105.01
275,0,0,14,100.0,0,43191,0.3,0,253,3,0,Leiva,0.0,1,0,3.8,200,False,37.0,0,99,44,0,0,0,1.0,0,0,Lucas,0.2,a,9,0.0,2,6821,4901,0.5,1,MID,9,Liverpool,1.5,Swansea,0.006818181818181818,0.8409090909090909,0.0,2.0
276,1,4,144,,0,56979,164.7,0,250,3,5,Jordan,5.7,10,1,36.0,201,False,170.2,0,613,64,0,0,0,3.1,0,0,Henderson,1.1,a,9,25.0,22,20876,22543,3.4,4,MID,9,Liverpool,1.5,Swansea,2.5734375,2.659375,0.390625,3099.1449999999995
277,3,6,164,100.0,1,84583,263.7,2,459,3,2,Philippe,7.7,7,3,78.4,203,False,217.4,0,486,83,0,0,0,6.1,0,0,Coutinho,34.0,a,9,304.0,43,1018103,494282,5.2,1,MID,9,Liverpool,1.5,Swansea,3.1771084337349396,2.619277108433735,3.6626506024096384,9110.904999999999
278,0,0,5,100.0,0,112338,2.1,0,399,3,1,Emre,0.7,1,0,2.5,204,False,4.2,0,44,48,0,0,0,1.0,0,0,Can,0.7,a,9,22.0,3,4239,43211,0.6,0,MID,9,Liverpool,1.5,Swansea,0.043750000000000004,0.08750000000000001,0.4583333333333333,32.714999999999996
279,3,5,160,,0,39155,144.4,2,416,3,1,Adam,6.0,10,3,62.0,205,False,209.2,0,512,72,0,0,0,5.9,0,0,Lallana,12.9,d,9,269.0,41,454093,207727,5.7,1,MID,9,Liverpool,1.5,Swansea,2.0055555555555555,2.9055555555555554,3.736111111111111,5644.400000000001
282,1,9,193,100.0,0,15157,185.8,3,508,3,10,James,8.7,7,4,54.0,208,True,263.8,0,526,66,0,0,0,7.2,0,0,Milner,4.9,a,9,90.0,43,163797,29937,6.5,1,MID,9,Liverpool,1.5,Swansea,2.8151515151515154,3.996969696969697,1.3636363636363635,7084.779999999999
283,2,5,148,100.0,0,92217,280.0,2,522,3,12,Roberto,4.7,9,3,70.2,209,False,176.8,0,534,84,0,0,0,6.3,0,0,Firmino,10.3,a,9,245.0,38,272097,269949,4.5,0,MID,9,Liverpool,1.5,Swansea,3.3333333333333335,2.104761904761905,2.9166666666666665,4985.6900000000005
286,1,2,109,100.0,0,110979,142.5,0,635,3,2,Sadio,3.7,8,3,61.0,212,False,175.0,0,537,90,0,0,0,5.2,0,0,Mané,15.0,a,9,293.0,31,325115,321633,3.4,1,MID,9,Liverpool,1.5,Swansea,1.5833333333333333,1.9444444444444444,3.2555555555555555,3419.2749999999996
287,0,0,6,100.0,0,210237,15.8,0,0,3,0,Marko,0.3,0,0,2.9,475,False,5.2,0,30,46,0,0,0,1.0,0,0,Grujic,0.3,a,9,8.0,2,2077,22246,0.4,0,MID,9,Liverpool,1.5,Swansea,0.34347826086956523,0.11304347826086956,0.17391304347826086,15.049999999999999
288,2,0,113,,0,41733,177.9,0,630,3,2,Georginio,2.0,10,0,41.5,485,False,119.8,0,605,77,0,0,0,2.9,0,0,Wijnaldum,1.8,d,9,116.0,20,11591,92947,2.6,0,MID,9,Liverpool,1.5,Swansea,2.3103896103896107,1.5558441558441558,1.5064935064935066,1261.1000000000001
291,2,0,33,100.0,1,40755,60.0,0,283,4,1,Daniel,2.0,3,0,24.8,214,False,38.2,0,288,99,0,0,0,2.3,0,0,Sturridge,1.1,a,9,151.0,14,34063,43423,1.4,1,FWD,9,Liverpool,1.5,Swansea,0.6060606060606061,0.3858585858585859,1.5252525252525253,761.5999999999999
294,0,0,9,75.0,0,152760,25.2,0,200,4,1,Divock,0.7,2,0,8.5,217,False,13.4,0,103,66,0,0,0,1.0,0,0,Origi,1.9,a,9,48.0,5,16255,175283,0.8,0,FWD,9,Liverpool,1.5,Swansea,0.38181818181818183,0.20303030303030303,0.7272727272727273,95.92999999999998
296,0,0,39,,0,20310,0.0,0,45,1,0,Willy,0.0,3,0,4.8,219,False,47.6,0,270,50,0,0,0,2.0,0,5,Caballero,0.4,a,10,0.0,6,19953,21773,1.2,0,GKP,10,Man City,1.2,Spurs,0.0,0.9520000000000001,0.0,6.0
297,0,3,99,100.0,1,33148,0.0,1,0,1,11,Claudio,6.7,4,0,11.5,541,False,115.0,0,360,55,0,0,1,5.5,0,13,Bravo,2.4,a,10,0.0,22,78261,18078,4.0,0,GKP,10,Man City,1.2,Spurs,0.0,2.090909090909091,0.0,946.5999999999999
298,0,0,101,100.0,0,97299,10.7,0,336,2,1,John,1.3,7,0,14.2,128,False,122.2,0,547,50,0,0,0,1.4,0,0,Stones,27.2,a,10,8.0,10,223761,444005,2.0,1,DEF,10,Man City,1.2,Spurs,0.214,2.444,0.16,229.80399999999997
299,0,0,94,,1,42593,69.5,0,429,2,-1,Aleksandar,2.0,6,0,26.3,220,False,130.2,0,572,59,1,0,0,1.7,0,0,Kolarov,4.3,a,10,62.0,12,31797,78316,2.0,2,DEF,10,Man City,1.2,Spurs,1.1779661016949152,2.206779661016949,1.0508474576271187,640.0799999999999
300,0,0,42,,0,20658,8.3,0,152,2,1,Pablo,0.7,4,0,5.8,221,False,48.2,0,284,48,0,0,0,1.2,0,0,Zabaleta,1.4,a,10,2.0,6,16401,39053,1.3,1,DEF,10,Man City,1.2,Spurs,0.1729166666666667,1.0041666666666667,0.041666666666666664,55.13999999999999
302,0,0,65,,1,17336,37.5,0,166,2,0,Gaël,2.0,2,0,9.8,223,False,59.6,0,259,54,0,0,0,3.3,0,0,Clichy,1.3,a,10,0.0,10,10258,30899,1.9,0,DEF,10,Man City,1.2,Spurs,0.6944444444444444,1.1037037037037036,0.0,243.03999999999996
303,1,0,73,100.0,1,37748,25.9,0,386,2,0,Bacary,3.3,3,0,8.6,224,False,39.4,0,347,54,0,0,0,3.5,0,0,Sagna,3.3,i,10,21.0,14,23733,164548,2.6,1,DEF,10,Man City,1.2,Spurs,0.47962962962962963,0.7296296296296296,0.3888888888888889,355.74799999999993
305,1,2,120,75.0,0,57410,55.6,0,353,2,0,Nicolás,0.7,6,0,27.1,226,False,155.0,0,501,59,0,0,0,2.2,0,0,Otamendi,3.2,a,10,59.0,13,31834,54492,2.2,2,DEF,10,Man City,1.2,Spurs,0.9423728813559322,2.6271186440677967,1.0,239.464
308,0,0,4,75.0,0,41823,4.2,0,156,3,0,Fabian,0.0,1,0,0.6,227,False,0.0,0,30,48,0,0,0,1.0,0,0,Delph,0.1,d,10,2.0,2,1260,5447,0.4,0,MID,10,Man City,1.2,Spurs,0.08750000000000001,0.0,0.041666666666666664,2.0
309,3,5,150,,1,103955,100.4,2,400,3,1,Raheem,6.7,7,4,65.3,228,True,206.0,0,595,86,0,0,0,6.4,0,0,Sterling,26.2,d,10,349.0,45,1079542,203624,5.2,3,MID,10,Man City,1.2,Spurs,1.1674418604651164,2.395348837209302,4.058139534883721,5314.416
310,0,0,0,0.0,0,28554,12.3,0,164,3,0,Samir,0.0,0,0,5.8,229,False,4.8,0,16,64,0,0,0,1.0,0,0,Nasri,0.2,u,10,41.0,1,818,11359,0.2,0,MID,10,Man City,1.2,Spurs,0.1921875,0.075,0.640625,1.0
311,1,0,107,100.0,1,20664,272.1,0,351,3,2,David,1.3,6,0,51.8,230,False,103.2,0,513,87,0,0,0,2.5,0,0,Silva,2.3,a,10,142.0,15,35506,167414,1.7,1,MID,10,Man City,1.2,Spurs,3.127586206896552,1.186206896551724,1.632183908045977,821.9879999999999
313,1,0,34,,0,17740,89.5,0,408,3,2,Jesús,1.0,4,0,15.4,232,False,21.2,0,174,63,0,0,0,2.3,0,0,Navas,0.7,a,10,44.0,9,10605,29244,1.4,0,MID,10,Man City,1.2,Spurs,1.4206349206349207,0.3365079365079365,0.6984126984126984,194.64
314,0,2,118,,1,27789,109.7,0,417,3,2,Fernando,2.0,7,1,31.7,233,False,121.2,0,630,55,0,0,0,2.7,0,0,Luiz Rosa,2.4,a,10,87.0,19,49867,58101,3.5,3,MID,10,Man City,1.2,Spurs,1.9945454545454546,2.2036363636363636,1.5818181818181818,781.9599999999999
315,0,0,22,100.0,0,52538,5.8,0,236,3,1,Fernando Francisco,0.7,2,0,2.9,234,False,23.2,0,116,48,0,0,0,1.0,0,0,Reges,0.2,a,10,0.0,4,3147,8900,0.8,0,MID,10,Man City,1.2,Spurs,0.12083333333333333,0.48333333333333334,0.0,28.359999999999996
316,6,9,199,0.0,1,61366,322.6,2,546,3,0,Kevin,8.0,5,2,68.7,235,True,194.4,0,510,106,0,0,0,8.2,0,0,De Bruyne,8.7,d,10,169.0,49,637040,580719,4.6,1,MID,10,Man City,1.2,Spurs,3.0433962264150947,1.8339622641509434,1.5943396226415094,6634.599999999999
317,0,0,46,100.0,1,59859,35.0,0,0,3,1,Ilkay,3.7,1,1,15.7,236,False,43.0,0,176,54,0,0,0,3.7,0,0,Gündogan,1.5,a,10,79.0,11,50144,23480,2.0,0,MID,10,Man City,1.2,Spurs,0.6481481481481481,0.7962962962962963,1.462962962962963,708.0799999999999
318,2,2,76,0.0,1,86173,90.3,1,0,3,0,Manuel,1.0,2,2,30.6,237,False,91.8,0,329,88,0,0,0,4.8,1,0,Agudo Durán,1.6,a,10,126.0,24,201656,223226,2.7,0,MID,10,Man City,1.2,Spurs,1.0261363636363636,1.0431818181818182,1.4318181818181819,393.72
320,0,0,11,100.0,0,182156,15.8,0,0,3,1,Leroy,0.7,0,0,3.4,489,False,6.6,0,54,77,0,0,0,1.0,0,0,Sané,0.2,a,10,11.0,3,3371,22961,0.4,0,MID,10,Man City,1.2,Spurs,0.2051948051948052,0.08571428571428572,0.14285714285714285,31.056
321,0,0,4,,0,178871,0.9,0,0,3,0,Aleix,0.3,0,0,0.3,578,False,1.6,0,16,50,0,0,0,1.0,0,0,García Serrano,0.0,a,10,0.0,1,126,77,0.2,0,MID,10,Man City,1.2,Spurs,0.018000000000000002,0.032,0.0,1.9
322,0,9,156,100.0,0,37572,90.4,2,789,4,2,Sergio,5.0,6,5,64.3,239,False,195.6,0,439,131,0,0,0,7.8,0,0,Agüero,43.3,d,10,358.0,39,1200498,1230485,3.0,0,FWD,10,Man City,1.2,Spurs,0.6900763358778627,1.4931297709923663,2.732824427480916,3903.0
323,3,3,101,100.0,1,173515,122.7,0,242,4,1,Kelechi,3.7,1,2,43.5,241,False,138.8,0,187,69,0,0,0,5.2,0,0,Iheanacho,5.0,a,10,173.0,26,398616,306523,3.7,0,FWD,10,Man City,1.2,Spurs,1.7782608695652173,2.011594202898551,2.5072463768115942,1955.18
324,0,0,110,,2,51940,0.0,0,368,1,3,David,2.0,8,0,12.6,242,False,126.8,0,630,55,0,0,0,3.1,0,18,de Gea,41.8,a,11,0.0,22,182639,319671,4.0,0,GKP,11,Man Utd,1.2,Stoke,0.0,2.305454545454545,0.0,326.32
326,0,0,68,100.0,0,55909,1.7,0,381,2,2,Chris,3.7,5,1,12.9,244,False,88.4,0,273,59,0,0,0,2.6,0,0,Smalling,1.4,a,11,39.0,13,12291,26383,2.2,0,DEF,11,Man Utd,1.2,Stoke,0.0288135593220339,1.4983050847457628,0.6610169491525424,586.204
329,1,2,105,75.0,2,106760,67.8,1,92,2,0,Luke,0.3,5,0,17.1,247,False,69.4,0,434,55,0,0,0,4.2,0,0,Shaw,16.3,d,11,34.0,21,340150,459899,3.8,0,DEF,11,Man Utd,1.2,Stoke,1.2327272727272727,1.261818181818182,0.6181818181818182,82.63199999999999
331,0,3,138,,2,20695,120.5,1,186,2,1,Antonio,1.7,6,0,31.2,250,False,145.4,0,601,56,0,0,0,3.3,0,0,Valencia,12.2,a,11,46.0,23,237154,154893,4.1,1,DEF,11,Man Utd,1.2,Stoke,2.1517857142857144,2.5964285714285715,0.8214285714285714,659.2759999999998
335,2,7,178,,2,58877,113.5,0,477,2,4,Daley,4.7,5,0,31.5,254,True,180.8,0,540,56,0,0,0,5.3,0,0,Blind,7.3,a,11,21.0,32,193246,46614,5.7,0,DEF,11,Man Utd,1.2,Stoke,2.0267857142857144,3.2285714285714286,0.375,1810.2920000000001
336,0,5,159,100.0,2,197365,6.7,0,0,2,5,Eric,2.7,8,0,18.0,255,False,147.4,0,630,55,0,0,0,3.4,0,0,Bailly,13.5,a,11,25.0,24,150808,162470,4.4,1,DEF,11,Man Utd,1.2,Stoke,0.12181818181818183,2.68,0.45454545454545453,604.284
337,1,3,122,,3,43670,102.0,0,586,3,3,Juan,5.7,4,2,38.8,256,False,131.2,0,400,74,0,0,0,5.0,0,0,Mata,2.5,a,11,154.0,30,76496,63366,4.1,0,MID,11,Man Utd,1.2,Stoke,1.3783783783783783,1.7729729729729728,2.081081081081081,2678.448
338,0,0,83,100.0,2,41184,97.7,0,164,3,0,Marouane,0.3,6,0,24.0,257,False,110.0,0,450,59,0,0,0,1.8,0,0,Fellaini,0.3,a,11,32.0,9,9360,13165,1.5,3,MID,11,Man Utd,1.2,Stoke,1.6559322033898305,1.8644067796610169,0.5423728813559322,95.29199999999999
339,0,0,3,,0,106824,1.0,0,259,3,1,Memphis,0.3,1,0,0.6,258,False,1.0,0,15,72,0,0,0,0.7,0,0,Depay,0.2,a,11,4.0,2,546,6005,0.3,1,MID,11,Man Utd,1.2,Stoke,0.013888888888888888,0.013888888888888888,0.05555555555555555,4.16
340,0,0,4,,0,2404,1.3,0,275,3,0,Michael,0.3,0,0,0.4,259,False,3.0,0,13,43,0,0,0,1.0,0,0,Carrick,1.3,a,11,0.0,1,32290,33577,0.2,0,MID,11,Man Utd,1.2,Stoke,0.030232558139534883,0.06976744186046512,0.0,2.548
341,0,0,10,,0,18892,5.0,0,178,3,0,Ashley,0.7,2,0,3.1,260,False,7.6,0,57,52,0,0,0,1.0,0,0,Young,0.1,a,11,18.0,2,436,2183,0.4,0,MID,11,Man Utd,1.2,Stoke,0.09615384615384616,0.14615384615384613,0.34615384615384615,27.703999999999997
342,0,0,60,,0,59846,49.3,0,307,3,1,Ander,1.0,3,0,13.7,262,False,65.6,0,317,63,0,0,0,1.2,0,0,Herrera,0.3,a,11,21.0,6,2547,8104,1.0,2,MID,11,Man Utd,1.2,Stoke,0.7825396825396825,1.0412698412698411,0.3333333333333333,169.07999999999996
344,0,0,3,,0,42774,0.6,0,317,3,0,Morgan,0.0,0,0,0.1,264,False,0.2,0,6,47,0,0,0,1.0,0,0,Schneiderlin,0.2,a,11,0.0,1,1072,9084,0.2,0,MID,11,Man Utd,1.2,Stoke,0.01276595744680851,0.00425531914893617,0.0,1.0
346,1,0,38,100.0,1,109322,100.7,0,318,3,3,Jesse,2.7,3,0,18.5,266,False,39.4,0,188,57,0,0,0,3.0,0,0,Lingard,0.4,a,11,45.0,9,3931,29722,1.6,0,MID,11,Man Utd,1.2,Stoke,1.7666666666666666,0.6912280701754385,0.7894736842105263,608.724
347,2,3,68,100.0,1,148225,89.7,1,593,3,6,Anthony,2.3,3,1,26.8,267,False,87.4,0,295,93,0,0,0,3.8,0,0,Martial,3.1,a,11,91.0,23,93773,261342,2.5,0,MID,11,Man Utd,1.2,Stoke,0.9645161290322581,0.9397849462365592,0.978494623655914,762.956
348,0,0,8,75.0,0,57249,41.6,0,0,3,0,Henrikh,0.0,2,0,10.3,268,False,19.0,0,107,89,0,0,0,1.0,0,0,Mkhitaryan,1.4,d,11,43.0,4,4308,229019,0.4,0,MID,11,Man Utd,1.2,Stoke,0.46741573033707867,0.21348314606741572,0.48314606741573035,4.0
349,0,1,85,100.0,2,74208,172.8,0,0,3,2,Paul,3.7,7,1,43.7,503,False,119.0,0,540,83,0,0,0,3.2,0,0,Pogba,9.9,a,11,145.0,19,236569,327650,2.3,1,MID,11,Man Utd,1.2,Stoke,2.081927710843374,1.4337349397590362,1.7469879518072289,1958.392
350,2,1,95,,2,13017,211.0,0,509,4,1,Wayne,1.0,7,1,49.2,269,False,120.6,0,478,88,0,0,0,2.9,0,0,Rooney,3.2,a,11,160.0,20,97972,194268,2.3,3,FWD,11,Man Utd,1.2,Stoke,2.397727272727273,1.3704545454545454,1.8181818181818181,609.92
352,0,0,97,,0,176297,85.7,0,237,4,2,Marcus,4.7,5,3,39.1,271,False,118.6,0,327,69,0,0,0,3.8,0,0,Rashford,9.4,a,11,187.0,19,278182,126812,2.8,1,FWD,11,Man Utd,1.2,Stoke,1.2420289855072464,1.718840579710145,2.710144927536232,2225.9320000000002
353,1,6,120,,2,9808,159.1,2,0,4,1,Zlatan,2.7,8,4,83.5,272,False,168.8,0,630,115,0,0,0,5.3,0,0,Ibrahimovic,50.1,a,11,511.0,37,818480,628891,3.2,2,FWD,11,Man Utd,1.2,Stoke,1.3834782608695653,1.4678260869565218,4.443478260869565,2755.036
355,0,0,58,100.0,0,12496,0.0,0,0,1,2,Víctor,2.0,9,0,6.1,274,False,60.0,0,450,45,0,0,0,1.8,0,9,Valdés,4.6,a,12,0.0,9,21918,125028,2.0,0,GKP,12,Middlesbrough,0.8,West Ham,0.0,1.3333333333333333,0.0,105.0
356,0,0,40,,1,41705,0.0,0,188,1,0,Bradley,0.0,1,0,4.0,490,False,40.0,0,180,45,0,0,0,4.5,0,6,Guzan,0.7,a,12,0.0,9,8256,15046,2.0,0,GKP,12,Middlesbrough,0.8,West Ham,0.0,0.8888888888888888,0.0,9.0
357,0,0,60,,0,101184,0.9,0,70,2,2,Calum,1.0,7,1,14.1,11,False,112.8,0,270,44,0,0,0,3.0,0,0,Chambers,3.3,a,12,27.0,9,81753,99222,2.0,0,DEF,12,Middlesbrough,0.8,West Ham,0.020454545454545454,2.5636363636363635,0.6136363636363636,121.56000000000002
358,0,0,68,100.0,1,75880,8.2,0,0,2,0,Daniel,0.0,5,1,18.0,275,False,107.2,0,278,50,0,0,0,3.3,0,0,Ayala,0.2,a,12,64.0,13,4801,4987,2.6,2,DEF,12,Middlesbrough,0.8,West Ham,0.16399999999999998,2.144,1.28,13.0
359,1,0,92,100.0,0,40202,42.2,0,0,2,2,George,2.0,10,0,25.2,276,False,130.8,0,540,45,0,0,0,1.8,0,0,Friend,3.1,a,12,78.0,11,23215,110814,2.4,1,DEF,12,Middlesbrough,0.8,West Ham,0.9377777777777778,2.9066666666666667,1.7333333333333334,412.6
361,0,5,136,,1,83312,3.3,1,0,2,2,Ben,4.0,10,1,23.2,278,False,199.2,0,630,46,0,0,0,3.7,0,0,Gibson,3.9,a,12,30.0,26,144250,30454,5.7,0,DEF,12,Middlesbrough,0.8,West Ham,0.07173913043478261,4.3304347826086955,0.6521739130434783,770.0
362,0,0,49,,1,48771,31.9,0,0,2,0,Emilio,0.0,5,0,11.9,279,False,47.6,0,320,44,0,0,0,2.5,0,0,Nsue Lopez,0.4,a,12,38.0,10,6962,13724,2.3,0,DEF,12,Middlesbrough,0.8,West Ham,0.725,1.0818181818181818,0.8636363636363636,10.0
364,0,3,134,,1,20399,70.2,0,0,2,1,Antonio,1.0,10,0,23.5,477,False,140.4,0,630,45,0,0,0,2.3,0,0,Barragán,0.6,a,12,23.0,16,14505,9261,3.6,2,DEF,12,Middlesbrough,0.8,West Ham,1.56,3.12,0.5111111111111111,202.88000000000002
367,0,0,6,0.0,0,49773,20.5,0,0,3,0,Albert,0.0,2,0,6.0,281,False,8.4,0,122,54,0,0,0,1.5,0,0,Adomah,0.0,u,12,33.0,3,627,9590,0.6,0,MID,12,Middlesbrough,0.8,West Ham,0.37962962962962965,0.15555555555555556,0.6111111111111112,3.0
368,2,1,117,,1,12002,233.7,0,0,3,2,Stewart,3.3,10,0,41.9,282,False,108.6,0,630,53,0,0,0,3.0,0,0,Downing,0.7,a,12,75.0,21,8574,30139,4.0,1,MID,12,Middlesbrough,0.8,West Ham,4.409433962264151,2.0490566037735847,1.4150943396226414,1122.6719999999998
369,0,0,57,100.0,1,59044,12.5,0,0,3,0,Adam,1.0,6,0,8.2,283,False,56.6,0,414,44,0,0,0,1.7,0,0,Clayton,0.4,a,12,14.0,10,5212,10962,2.3,1,MID,12,Middlesbrough,0.8,West Ham,0.2840909090909091,1.2863636363636364,0.3181818181818182,76.48
372,0,0,99,,1,80179,80.0,0,0,3,2,Adam,1.7,8,0,15.7,286,False,52.4,0,521,45,0,0,0,1.9,0,0,Forshaw,0.1,a,12,25.0,13,2908,2464,2.9,1,MID,12,Middlesbrough,0.8,West Ham,1.7777777777777777,1.1644444444444444,0.5555555555555556,227.064
375,1,0,19,,0,123125,33.8,0,0,3,4,Viktor,1.7,3,0,7.4,289,False,21.6,0,136,50,0,0,0,1.8,0,0,Fischer,0.3,a,12,18.0,7,965,38383,1.4,0,MID,12,Middlesbrough,0.8,West Ham,0.6759999999999999,0.43200000000000005,0.36,106.82400000000001
376,0,0,41,100.0,0,82428,29.1,0,0,3,1,Marten,1.7,6,0,7.0,290,False,17.6,0,325,44,0,0,0,1.4,0,0,de Roon,0.2,a,12,24.0,7,4239,6580,1.6,1,MID,12,Middlesbrough,0.8,West Ham,0.6613636363636364,0.4,0.5454545454545454,103.152
377,1,0,46,,1,78091,114.9,0,0,3,1,Gastón,1.3,6,0,24.8,491,False,50.6,0,421,54,0,0,0,1.6,0,0,Ramírez,0.8,a,12,82.0,11,40774,58205,2.0,3,MID,12,Middlesbrough,0.8,West Ham,2.1277777777777778,0.9370370370370371,1.5185185185185186,268.40000000000003
378,0,0,8,,0,159533,6.7,0,0,3,0,Adama,0.0,0,0,2.4,563,False,11.6,0,42,49,0,0,0,0.5,0,0,Traoré,0.0,a,12,6.0,1,982,585,0.2,1,MID,12,Middlesbrough,0.8,West Ham,0.13673469387755102,0.236734693877551,0.12244897959183673,1.0
379,0,0,11,,0,12744,3.3,0,0,4,0,David,0.3,0,0,0.7,291,False,3.4,0,43,48,0,0,0,1.0,0,0,Nugent,0.4,a,12,2.0,4,5561,20218,0.8,0,FWD,12,Middlesbrough,0.8,West Ham,0.06874999999999999,0.07083333333333333,0.041666666666666664,6.088
380,0,0,6,100.0,0,20047,13.9,0,0,4,2,Jordan,1.0,1,0,9.2,292,False,16.4,0,99,55,0,0,0,1.5,0,0,Rhodes,0.3,a,12,62.0,3,1528,33841,0.5,0,FWD,12,Middlesbrough,0.8,West Ham,0.25272727272727274,0.29818181818181816,1.1272727272727272,76.84000000000002
381,0,4,114,100.0,1,49464,56.8,1,0,4,6,Cristhian,2.7,6,3,28.7,293,False,137.6,0,440,51,0,0,0,5.0,0,0,Stuani,5.2,a,12,92.0,25,303415,153717,4.9,1,FWD,12,Middlesbrough,0.8,West Ham,1.1137254901960785,2.6980392156862743,1.803921568627451,643.624
382,2,5,66,,1,42892,92.0,1,0,4,1,Álvaro,1.3,9,1,29.9,478,False,89.0,0,531,65,0,0,0,3.9,0,0,Negredo,19.1,a,12,118.0,27,897017,686015,4.1,0,FWD,12,Middlesbrough,0.8,West Ham,1.4153846153846155,1.3692307692307693,1.8153846153846154,337.96000000000004
383,0,3,92,,0,1822,0.0,1,24,1,0,Shay,0.3,14,0,14.4,315,False,144.8,0,450,45,1,0,1,2.6,0,18,Given,0.7,a,14,0.0,13,17542,10805,2.9,1,GKP,14,Stoke,0.8,Man Utd,0.0,3.217777777777778,0.0,47.752
386,0,1,37,,0,6744,0.0,0,0,1,5,Lee,2.3,2,0,7.3,574,False,73.0,0,180,40,0,0,0,3.5,0,10,Grant,0.5,a,14,0.0,7,16885,1449,1.8,0,GKP,14,Stoke,0.8,Man Utd,0.0,1.825,0.0,141.32
387,1,0,82,,0,37869,12.0,0,176,2,2,Ryan,1.0,16,0,25.4,318,False,125.8,0,630,49,0,0,0,1.1,0,0,Shawcross,1.5,a,14,116.0,8,6403,29674,1.6,3,DEF,14,Stoke,0.8,Man Utd,0.24489795918367346,2.5673469387755103,2.36734693877551,211.04000000000002
388,0,1,70,,0,50089,6.6,0,293,2,2,Geoff,1.7,11,0,16.0,320,False,87.2,0,450,44,0,0,0,1.4,0,0,Cameron,0.3,a,14,66.0,7,4496,6867,1.6,0,DEF,14,Stoke,0.8,Man Utd,0.15,1.981818181818182,1.5,224.32799999999997
389,0,0,71,,0,39487,54.6,0,388,2,2,Erik,1.3,12,0,15.2,321,False,90.4,0,540,44,0,0,0,1.2,0,0,Pieters,2.9,a,14,6.0,7,15492,91372,1.6,1,DEF,14,Stoke,0.8,Man Utd,1.240909090909091,2.0545454545454547,0.13636363636363635,164.04000000000002
391,0,0,32,,0,17997,37.6,0,107,2,1,Phil,0.3,6,0,10.4,323,False,37.8,0,271,44,0,0,0,1.0,0,0,Bardsley,0.1,a,14,28.0,4,1331,2597,0.9,1,DEF,14,Stoke,0.8,Man Utd,0.8545454545454546,0.859090909090909,0.6363636363636364,28.816000000000003
392,0,0,23,0.0,0,69960,3.4,0,330,2,0,Philipp,0.0,5,0,5.0,324,False,36.4,0,180,45,0,0,0,0.5,0,0,Wollscheid,0.3,u,14,10.0,1,718,38261,0.2,1,DEF,14,Stoke,0.8,Man Utd,0.07555555555555556,0.8088888888888889,0.2222222222222222,1.0
393,0,0,36,100.0,0,9047,29.6,0,324,2,2,Glen,1.3,6,0,10.6,325,False,41.8,0,270,48,0,0,0,1.3,0,0,Johnson,0.1,d,14,34.0,4,1370,6742,0.8,0,DEF,14,Stoke,0.8,Man Utd,0.6166666666666667,0.8708333333333332,0.7083333333333334,113.61600000000001
395,0,0,60,,0,85352,1.8,0,0,2,2,Bruno,1.3,10,0,13.2,562,False,98.6,0,360,49,0,0,0,1.0,0,0,Martins Indi,0.1,a,14,31.0,4,2339,1125,0.8,0,DEF,14,Stoke,0.8,Man Utd,0.036734693877551024,2.0122448979591834,0.6326530612244898,140.65600000000003
396,0,4,126,75.0,1,40555,165.4,0,132,3,8,Joe,7.0,14,2,44.2,202,False,155.8,0,548,48,0,0,0,3.9,0,0,Allen,1.6,d,14,120.0,27,34815,40417,5.6,1,MID,14,Stoke,0.8,Man Utd,3.4458333333333333,3.2458333333333336,2.5,2497.7200000000007
399,0,1,89,,0,12150,96.4,0,432,3,2,Glenn,1.7,15,0,23.9,329,False,123.6,0,606,44,0,0,0,1.9,0,0,Whelan,0.8,a,14,20.0,13,9502,17242,3.0,2,MID,14,Stoke,0.8,Man Utd,2.190909090909091,2.809090909090909,0.45454545454545453,339.40000000000003
400,1,0,30,100.0,0,12813,21.2,0,312,3,4,Jonathan,2.0,10,0,9.1,330,False,25.0,0,261,57,0,0,0,1.8,0,0,Walters,0.1,a,14,45.0,11,534,5395,1.9,0,MID,14,Stoke,0.8,Man Utd,0.3719298245614035,0.43859649122807015,0.7894736842105263,156.92000000000002
401,0,0,52,75.0,0,41464,92.0,0,528,3,2,Marko,3.3,15,1,31.9,331,False,59.8,0,613,72,0,0,0,2.3,0,0,Arnautovic,1.1,a,14,167.0,16,10746,46726,2.2,3,MID,14,Stoke,0.8,Man Utd,1.2777777777777777,0.8305555555555555,2.3194444444444446,857.6320000000001
403,0,2,32,100.0,1,68312,91.5,0,302,3,2,Xherdan,1.7,2,1,20.2,333,False,43.0,0,266,63,0,0,0,4.7,0,0,Shaqiri,3.5,a,14,67.0,14,66251,271884,2.2,0,MID,14,Stoke,0.8,Man Utd,1.4523809523809523,0.6825396825396826,1.0634920634920635,288.04
404,0,1,50,,0,102738,35.4,0,194,3,0,Giannelli,0.0,8,0,7.3,334,False,23.6,0,308,48,0,0,0,2.3,0,0,Imbula,0.2,a,14,14.0,9,3935,9752,1.9,0,MID,14,Stoke,0.8,Man Utd,0.7374999999999999,0.4916666666666667,0.2916666666666667,9.0
405,0,0,47,,0,40276,54.3,0,360,3,0,Bojan,0.7,8,1,14.4,335,False,50.4,0,271,58,0,0,0,2.4,0,0,Krkic,1.3,a,14,41.0,12,39193,79950,2.1,1,MID,14,Stoke,0.8,Man Utd,0.9362068965517241,0.8689655172413793,0.7068965517241379,93.59199999999998
406,0,0,7,,0,205102,1.8,0,0,3,0,Ramadan,0.0,1,0,0.7,486,False,1.8,0,16,50,0,0,0,1.0,0,0,Sobhi,0.4,a,14,4.0,2,3900,25734,0.4,0,MID,14,Stoke,0.8,Man Utd,0.036000000000000004,0.036000000000000004,0.08,2.0
407,0,0,24,,1,57001,42.1,0,249,4,2,Wilfried,2.0,9,0,15.5,240,False,18.6,0,316,73,0,0,0,2.0,0,0,Bony,1.0,a,14,94.0,8,60406,60256,1.1,0,FWD,14,Stoke,0.8,Man Utd,0.5767123287671233,0.2547945205479452,1.2876712328767124,255.51999999999998
408,0,0,7,,0,3773,12.2,0,47,4,1,Peter,0.7,2,0,4.1,336,False,13.4,0,108,48,0,0,0,1.3,0,0,Crouch,0.6,a,14,15.0,4,9072,21130,0.8,0,FWD,14,Stoke,0.8,Man Utd,0.25416666666666665,0.2791666666666667,0.3125,26.735999999999997
409,0,0,21,100.0,0,61858,9.5,0,245,4,0,Mame Biram,0.7,9,0,5.4,337,False,8.4,0,261,58,0,0,0,1.6,0,0,Diouf,0.4,a,14,37.0,8,7054,20628,1.4,0,FWD,14,Stoke,0.8,Man Utd,0.16379310344827586,0.14482758620689656,0.6379310344827587,38.744
412,0,0,25,0.0,0,20487,0.0,0,210,1,0,Vito,0.0,4,0,2.1,339,False,20.6,0,180,44,0,0,0,1.5,0,4,Mannone,0.6,i,15,0.0,3,3851,26085,0.7,0,GKP,15,Sunderland,0.8,West Brom,0.0,0.4681818181818182,0.0,3.0
413,0,2,100,100.0,0,111234,10.0,0,18,1,6,Jordan,3.5,9,0,18.1,340,False,170.4,0,450,40,0,0,0,3.6,0,27,Pickford,11.5,a,15,0.0,18,175293,63083,4.5,0,GKP,15,Sunderland,0.8,West Brom,0.25,4.26,0.0,523.12
416,0,0,16,,0,160817,4.8,0,28,2,2,Patrick,1.0,5,0,2.1,249,False,2.2,0,130,44,1,0,0,0.6,0,0,McNair,0.4,a,15,16.0,3,3413,7596,0.7,0,DEF,15,Sunderland,0.8,West Brom,0.10909090909090909,0.05,0.36363636363636365,21.400000000000002
417,0,1,32,100.0,0,3736,1.1,0,193,2,3,John,0.8,4,0,3.9,342,False,38.2,0,216,44,0,0,0,1.7,0,0,O'Shea,0.5,a,15,0.0,5,2898,12078,1.1,0,DEF,15,Sunderland,0.8,West Brom,0.025,0.8681818181818183,0.0,30.152000000000005
419,0,2,101,100.0,0,74230,92.3,1,369,2,7,Patrick,2.3,11,2,31.7,344,False,151.0,0,485,50,0,0,0,3.5,0,0,van Aanholt,5.0,a,15,73.0,21,63672,92282,4.2,0,DEF,15,Sunderland,0.8,West Brom,1.8459999999999999,3.02,1.46,602.9920000000001
421,0,0,74,100.0,0,45076,15.6,0,176,2,2,Lamine,1.5,11,0,20.2,346,False,106.6,0,540,45,0,0,0,1.5,0,0,Koné,1.5,a,15,79.0,9,12750,47892,2.0,0,DEF,15,Sunderland,0.8,West Brom,0.3466666666666667,2.368888888888889,1.7555555555555555,250.43999999999997
422,0,0,32,,0,160729,2.8,0,0,2,2,Jason,1.0,2,0,4.8,476,False,44.6,0,195,48,0,0,0,1.3,0,0,Denayer,0.1,a,15,0.0,4,530,2082,0.8,1,DEF,15,Sunderland,0.8,West Brom,0.05833333333333333,0.9291666666666667,0.0,41.92
423,0,0,73,,0,80935,1.3,0,0,2,0,Papy,0.8,10,0,18.6,499,False,148.2,0,450,44,0,0,0,1.2,0,0,Djilobodji,0.2,a,15,36.0,6,2074,5243,1.3,1,DEF,15,Sunderland,0.8,West Brom,0.029545454545454545,3.3681818181818177,0.8181818181818182,124.72000000000001
424,0,0,31,,0,160816,17.2,0,3,2,0,Donald,0.0,5,0,6.1,506,False,43.8,0,194,40,0,0,0,0.7,0,0,Love,4.7,a,15,0.0,2,190547,48920,0.5,1,DEF,15,Sunderland,0.8,West Brom,0.43,1.095,0.0,2.0
427,0,0,49,,0,109528,48.1,0,0,2,2,Javier,1.3,9,0,12.3,538,False,69.0,0,450,45,0,0,0,1.4,0,0,Manquillo,0.0,a,15,6.0,7,1729,695,1.6,1,DEF,15,Sunderland,0.8,West Brom,1.068888888888889,1.5333333333333334,0.13333333333333333,135.024
428,0,0,42,0.0,0,154976,152.3,0,33,3,0,Adnan,0.8,10,0,31.9,261,False,54.6,0,471,55,0,0,0,1.3,1,0,Januzaj,0.7,i,15,111.0,8,30594,41282,1.5,0,MID,15,Sunderland,0.8,West Brom,2.7690909090909095,0.9927272727272728,2.018181818181818,211.45600000000002
429,0,0,38,100.0,0,57736,26.1,0,118,3,0,Jan,1.5,8,0,7.7,347,False,31.6,0,298,45,0,0,0,1.5,0,0,Kirchhoff,0.1,i,15,20.0,6,644,1696,1.3,1,MID,15,Sunderland,0.8,West Brom,0.5800000000000001,0.7022222222222223,0.4444444444444444,99.24000000000001
430,0,0,17,0.0,0,28448,5.5,0,246,3,0,Lee,0.8,3,0,2.6,348,False,20.2,0,175,44,0,0,0,1.5,0,0,Cattermole,0.1,i,15,0.0,3,1259,3900,0.7,1,MID,15,Sunderland,0.8,West Brom,0.125,0.45909090909090905,0.0,19.448000000000004
432,1,1,59,,0,49384,30.3,0,112,3,1,Jack,0.8,8,0,10.8,350,False,52.4,0,379,45,0,0,0,2.4,0,0,Rodwell,1.5,a,15,25.0,12,63949,51120,2.7,1,MID,15,Sunderland,0.8,West Brom,0.6733333333333333,1.1644444444444444,0.5555555555555556,80.92800000000001
433,0,0,12,0.0,0,39187,31.3,0,180,3,0,Jeremain,0.0,1,0,9.7,351,False,14.2,0,69,59,0,0,0,1.0,0,0,Lens,0.0,u,15,52.0,2,144,2241,0.3,0,MID,15,Sunderland,0.8,West Brom,0.5305084745762711,0.2406779661016949,0.8813559322033898,2.0
434,0,0,13,100.0,0,60165,37.6,0,172,3,2,Wahbi,1.0,5,0,8.8,352,False,11.4,0,161,62,0,0,0,1.3,0,0,Khazri,0.2,a,15,39.0,5,536,9448,0.8,0,MID,15,Sunderland,0.8,West Brom,0.6064516129032258,0.18387096774193548,0.6290322580645161,75.4
435,2,0,47,,0,115854,59.4,0,185,3,5,Duncan,2.3,11,0,19.6,353,False,51.4,0,436,50,0,0,0,2.4,0,0,Watmore,0.1,a,15,90.0,17,4865,5255,3.4,1,MID,15,Sunderland,0.8,West Brom,1.188,1.028,1.8,386.472
436,0,0,32,,1,149016,63.8,0,0,3,1,Lynden,0.5,3,0,11.9,520,False,23.4,0,287,45,0,0,0,1.4,0,0,Gooch,0.1,a,15,32.0,7,2558,1630,1.6,2,MID,15,Sunderland,0.8,West Brom,1.4177777777777778,0.52,0.7111111111111111,54.68
437,0,0,3,100.0,0,219727,0.0,0,0,3,0,Joel,0.0,0,0,0.2,521,False,0.0,0,10,45,0,0,0,1.0,0,0,Asoro,0.0,a,15,2.0,1,385,377,0.2,0,MID,15,Sunderland,0.8,West Brom,0.0,0.0,0.044444444444444446,1.0
438,0,0,23,0.0,1,7525,31.1,0,0,3,0,Steven,0.8,2,0,9.2,533,False,24.2,0,196,49,0,0,0,1.5,0,0,Pienaar,0.0,i,15,37.0,6,595,529,1.2,1,MID,15,Sunderland,0.8,West Brom,0.6346938775510205,0.49387755102040815,0.7551020408163265,65.07200000000002
439,0,0,43,,0,144660,43.5,0,0,3,2,Didier,1.5,5,0,8.7,559,False,32.4,0,288,50,0,0,0,1.5,0,0,Ndong,0.0,a,15,12.0,6,584,323,1.2,1,MID,15,Sunderland,0.8,West Brom,0.87,0.648,0.24,111.48000000000002
441,0,0,11,0.0,1,77454,19.1,0,280,4,0,Fabio,0.0,2,0,3.5,354,False,3.2,0,153,52,0,0,0,2.0,0,0,Borini,0.6,i,15,13.0,4,5474,62049,0.8,0,FWD,15,Sunderland,0.8,West Brom,0.36730769230769234,0.06153846153846154,0.25,4.0
442,0,8,106,100.0,0,7958,26.0,2,595,4,2,Jermain,4.8,12,4,46.6,355,False,146.4,0,622,72,0,0,0,5.4,0,0,Defoe,13.2,a,15,295.0,38,526080,266871,5.3,0,FWD,15,Sunderland,0.8,West Brom,0.3611111111111111,2.033333333333333,4.097222222222222,1832.816
443,0,0,1,0.0,0,28593,0.0,0,0,4,0,Victor,0.3,1,0,0.0,575,False,0.0,0,5,45,0,0,0,1.0,0,0,Anichebe,0.1,i,15,0.0,1,3192,1249,0.2,0,FWD,15,Sunderland,0.8,West Brom,0.0,0.0,0.0,1.0
444,0,4,143,,1,37096,0.0,0,366,1,2,Lukasz,2.0,12,0,17.9,356,False,179.6,0,630,51,0,0,1,3.9,0,25,Fabianski,5.6,a,16,0.0,27,123407,50869,5.3,0,GKP,16,Swansea,0.8,Liverpool,0.0,3.5215686274509803,0.0,314.36
446,0,0,118,,1,49539,134.2,0,239,2,1,Kyle,1.0,12,0,38.4,358,False,167.0,0,630,45,0,0,0,1.7,0,0,Naughton,1.2,a,16,82.0,12,21469,23309,2.7,1,DEF,16,Swansea,0.8,Liverpool,2.982222222222222,3.7111111111111112,1.8222222222222222,318.56
447,0,0,1,100.0,0,47390,1.2,0,321,2,0,Neil,0.3,1,0,0.4,360,False,2.4,0,40,43,0,0,0,1.0,0,0,Taylor,0.4,a,16,0.0,1,1818,31427,0.2,0,DEF,16,Swansea,0.8,Liverpool,0.027906976744186046,0.05581395348837209,0.0,1.8639999999999999
448,0,0,56,,0,42996,30.6,0,194,2,1,Angel,1.0,6,0,10.8,361,False,66.4,0,231,44,0,0,0,1.0,0,0,Rangel,0.3,a,16,11.0,5,1296,6548,1.1,0,DEF,16,Swansea,0.8,Liverpool,0.6954545454545454,1.5090909090909093,0.25,91.4
449,0,0,114,,1,80789,12.9,0,63,2,1,Jordi,0.8,12,0,23.2,362,False,167.0,0,630,41,0,0,0,1.4,0,0,Amat,13.8,a,16,52.0,10,259841,103341,2.4,3,DEF,16,Swansea,0.8,Liverpool,0.3146341463414634,4.073170731707317,1.2682926829268293,158.41600000000003
450,0,0,70,75.0,1,57145,4.4,0,333,2,0,Federico,0.5,7,0,13.1,363,False,109.4,0,450,44,0,0,0,1.6,0,0,Fernández,1.8,a,16,16.0,8,7457,36110,1.8,3,DEF,16,Swansea,0.8,Liverpool,0.1,2.4863636363636363,0.36363636363636365,59.92000000000001
452,0,2,75,,1,96306,43.7,1,75,2,0,Stephen,0.5,6,0,12.5,365,False,70.0,0,405,41,0,0,0,2.4,0,0,Kingsley,12.6,a,16,12.0,12,402484,142208,2.9,0,DEF,16,Swansea,0.8,Liverpool,1.0658536585365854,1.7073170731707317,0.2926829268292683,62.28
453,0,0,17,,0,97615,0.3,0,0,2,1,Mike,0.3,5,0,3.8,366,False,27.8,0,180,43,0,0,0,0.5,0,0,van der Hoorn,0.1,a,16,10.0,1,1028,5424,0.2,1,DEF,16,Swansea,0.8,Liverpool,0.0069767441860465115,0.6465116279069768,0.23255813953488372,10.143999999999998
455,0,0,100,,1,40145,84.7,0,376,3,1,Jack,1.8,11,0,22.2,367,False,99.6,0,598,48,0,0,0,2.0,0,0,Cork,0.1,a,16,38.0,14,883,2620,2.9,1,MID,16,Swansea,0.8,Liverpool,1.7645833333333334,2.0749999999999997,0.7916666666666666,334.1120000000001
456,1,2,86,,0,55422,137.2,0,586,3,2,Gylfi,4.5,12,1,41.9,368,False,115.4,0,537,72,0,0,0,3.1,0,0,Sigurdsson,3.4,a,16,166.0,22,19201,182453,3.1,0,MID,16,Swansea,0.8,Liverpool,1.9055555555555554,1.6027777777777779,2.3055555555555554,1528.96
457,0,0,40,,1,11829,188.0,0,269,3,2,Wayne,1.0,5,0,28.7,369,False,41.2,0,331,48,0,0,0,1.8,0,0,Routledge,0.3,a,16,58.0,9,5669,18415,1.9,0,MID,16,Swansea,0.8,Liverpool,3.9166666666666665,0.8583333333333334,1.2083333333333333,238.76
458,0,0,26,100.0,0,15114,5.8,0,166,3,1,Leon,0.8,4,0,1.6,370,False,9.4,0,199,44,0,0,0,1.3,0,0,Britton,0.1,a,16,0.0,4,772,1986,0.9,1,MID,16,Swansea,0.8,Liverpool,0.1318181818181818,0.21363636363636365,0.0,13.728000000000002
459,0,0,4,,0,96305,1.0,0,4,3,1,Jay,0.3,1,0,2.4,371,False,3.0,0,19,44,0,0,0,1.0,0,0,Fulton,0.0,a,16,20.0,1,501,739,0.2,0,MID,16,Swansea,0.8,Liverpool,0.022727272727272728,0.06818181818181818,0.45454545454545453,6.76
460,0,0,42,100.0,0,76542,41.4,0,241,3,1,Sung-yueng,1.5,7,0,7.2,372,False,22.4,0,256,52,0,0,0,1.3,0,0,Ki,0.1,a,16,8.0,8,609,2998,1.5,0,MID,16,Swansea,0.8,Liverpool,0.7961538461538461,0.43076923076923074,0.15384615384615385,94.16
461,0,0,30,,0,49195,64.9,0,202,3,0,Jefferson,0.3,2,0,14.4,373,False,42.2,0,120,52,0,0,0,1.0,0,0,Montero,0.1,d,16,37.0,4,1713,6539,0.8,0,MID,16,Swansea,0.8,Liverpool,1.248076923076923,0.8115384615384615,0.7115384615384616,38.584
462,0,3,149,,2,49277,81.6,1,107,3,7,Leroy,4.3,9,4,44.1,375,False,196.2,0,588,53,0,0,0,5.3,0,0,Fer,10.9,a,16,164.0,37,471578,184996,7.0,2,MID,16,Swansea,0.8,Liverpool,1.5396226415094338,3.70188679245283,3.0943396226415096,1556.792
463,0,0,1,0.0,0,21083,0.3,0,64,3,0,Nathan,0.0,1,0,0.1,376,False,0.4,0,6,47,0,0,0,1.0,0,0,Dyer,0.1,i,16,0.0,1,853,5860,0.2,0,MID,16,Swansea,0.8,Liverpool,0.006382978723404255,0.00851063829787234,0.0,1.0
466,1,0,73,,1,111787,160.1,0,120,4,1,Modou,1.3,7,0,33.8,379,False,78.0,0,424,50,0,0,0,2.0,0,0,Barrow,0.9,a,16,102.0,14,29181,25573,2.8,0,FWD,16,Swansea,0.8,Liverpool,3.202,1.56,2.04,367.70400000000006
467,1,1,55,,1,19760,118.6,0,0,4,0,Fernando,2.8,10,1,45.8,500,False,77.8,0,540,63,0,0,0,3.3,0,0,Llorente,1.7,d,16,266.0,20,62624,107828,3.2,0,FWD,16,Swansea,0.8,Liverpool,1.8825396825396825,1.234920634920635,4.222222222222222,1055.7759999999998
468,1,0,12,100.0,0,83091,8.1,0,0,4,5,Borja,1.8,2,0,2.9,507,False,6.4,0,111,69,0,0,0,2.3,0,0,Bastón,0.0,a,16,18.0,7,1368,3921,1.0,0,FWD,16,Swansea,0.8,Liverpool,0.11739130434782608,0.0927536231884058,0.2608695652173913,53.800000000000004
469,0,0,3,,0,169432,2.3,0,0,4,0,Oliver,0.0,0,0,0.2,546,False,0.0,0,5,45,0,0,0,1.0,0,0,McBurnie,0.1,a,16,0.0,1,3935,2201,0.2,0,FWD,16,Swansea,0.8,Liverpool,0.05111111111111111,0.0,0.0,1.0
470,0,1,112,100.0,3,37915,0.0,0,419,1,9,Hugo,5.7,2,0,11.2,380,False,111.8,0,394,54,0,0,0,5.0,0,13,Lloris,6.0,a,17,0.0,25,79460,158441,4.6,0,GKP,17,Spurs,1.0,Man City,0.0,2.0703703703703704,0.0,662.26
471,0,0,51,,1,39215,0.0,0,3,1,0,Michel,0.0,1,0,5.5,381,False,55.6,0,236,50,0,0,0,3.0,0,6,Vorm,0.4,a,17,0.0,9,17334,16283,1.8,0,GKP,17,Spurs,1.0,Man City,0.0,1.112,0.0,9.0
474,0,0,148,,4,55605,16.3,0,598,2,6,Toby,4.7,3,0,28.5,382,False,161.4,0,630,65,0,0,0,4.3,0,0,Alderweireld,18.9,a,17,106.0,30,62554,209425,4.6,0,DEF,17,Spurs,1.0,Man City,0.2507692307692308,2.483076923076923,1.6307692307692307,1363.39
475,1,3,93,75.0,2,38290,11.8,1,346,2,10,Danny,3.3,2,1,18.3,383,False,110.8,0,360,59,0,0,0,6.5,0,0,Rose,5.4,a,17,60.0,26,75680,165603,4.4,2,DEF,17,Spurs,1.0,Man City,0.2,1.8779661016949152,1.0169491525423728,628.58
476,2,7,165,100.0,4,58621,102.1,1,461,2,6,Kyle,5.0,2,0,26.4,384,True,137.4,0,567,59,0,0,0,5.7,0,0,Walker,35.5,a,17,24.0,40,734501,189628,6.8,2,DEF,17,Spurs,1.0,Man City,1.730508474576271,2.328813559322034,0.4067796610169492,1357.5
477,0,2,157,100.0,4,39194,5.6,0,335,2,6,Jan,5.0,3,0,20.1,385,False,194.4,0,630,56,0,0,0,4.3,0,0,Vertonghen,6.2,a,17,0.0,30,145392,41812,5.5,2,DEF,17,Spurs,1.0,Man City,0.09999999999999999,3.4714285714285715,0.0,1030.0
478,0,0,35,,1,115556,27.4,0,192,2,0,Ben,0.7,1,0,7.3,386,False,34.2,0,194,49,0,0,0,2.7,0,0,Davies,0.3,a,17,12.0,8,5084,6608,1.6,1,DEF,17,Spurs,1.0,Man City,0.5591836734693877,0.6979591836734694,0.24489795918367346,59.519999999999996
483,0,0,53,75.0,3,93264,50.3,0,526,3,1,Eric,1.3,2,0,14.4,390,False,56.0,0,420,52,0,0,0,2.0,0,0,Dier,6.4,a,17,37.0,12,15748,309163,2.3,1,MID,17,Spurs,1.0,Man City,0.9673076923076922,1.0769230769230769,0.7115384615384616,198.29000000000002
484,0,0,16,75.0,1,39104,38.4,0,473,3,0,Mousa,1.0,0,0,7.1,391,False,17.8,0,73,54,0,0,0,3.0,0,0,Dembélé,0.1,d,17,15.0,3,3136,5102,0.5,0,MID,17,Spurs,1.0,Man City,0.7111111111111111,0.32962962962962966,0.2777777777777778,74.19999999999999
485,1,4,77,,2,62974,198.5,0,519,3,1,Erik,1.0,2,1,44.0,393,False,107.2,0,434,69,0,1,0,3.3,0,0,Lamela,7.7,a,17,135.0,23,292440,364844,3.3,0,MID,17,Spurs,1.0,Man City,2.8768115942028984,1.5536231884057972,1.9565217391304348,463.7
486,2,2,82,,3,80607,223.0,0,738,3,3,Christian,1.7,3,0,47.4,394,False,94.4,0,503,82,0,0,0,3.8,0,0,Eriksen,6.0,a,17,156.0,23,59696,254601,2.8,0,MID,17,Spurs,1.0,Man City,2.7195121951219514,1.151219512195122,1.9024390243902438,827.78
488,0,0,3,,0,93464,0.0,0,93,3,0,Tom,0.0,0,0,0.0,397,False,0.0,0,1,44,0,0,0,1.0,0,0,Carroll,0.2,a,17,0.0,1,1793,3628,0.2,0,MID,17,Spurs,1.0,Man City,0.0,0.0,0.0,1.0
489,1,0,90,,3,108823,171.3,0,666,3,8,Bamidele,5.3,3,2,44.8,398,False,103.2,0,558,82,0,0,0,4.0,0,0,Alli,6.0,a,17,175.0,28,34415,246916,3.4,1,MID,17,Spurs,1.0,Man City,2.0890243902439027,1.2585365853658537,2.1341463414634148,2410.35
490,0,0,8,,0,168765,1.2,0,17,3,0,Joshua,0.0,0,0,0.9,399,False,7.4,0,9,44,0,0,0,1.0,0,0,Onomah,0.1,a,17,0.0,2,899,1468,0.5,0,MID,17,Spurs,1.0,Man City,0.02727272727272727,0.16818181818181818,0.0,2.0
491,0,3,121,,3,54756,62.2,1,268,3,2,Victor,2.3,3,1,25.6,400,False,118.8,0,594,50,0,0,0,3.1,0,0,Wanyama,4.2,a,17,75.0,22,191370,132771,4.4,2,MID,17,Spurs,1.0,Man City,1.244,2.376,1.5,610.8
493,2,6,132,100.0,3,85971,189.7,2,244,3,6,Heung-Min,8.0,1,4,66.0,402,False,209.4,0,359,76,0,0,0,10.8,0,0,Son,9.1,a,17,261.0,43,356229,22057,5.7,0,MID,17,Spurs,1.0,Man City,2.496052631578947,2.755263157894737,3.4342105263157894,5323.799999999999
494,0,0,6,,0,157668,0.4,0,0,3,0,Harry,0.3,0,0,0.1,513,False,0.8,0,6,45,0,0,0,1.0,0,0,Winks,0.0,a,17,0.0,2,343,288,0.4,0,MID,17,Spurs,1.0,Man City,0.008888888888888889,0.017777777777777778,0.0,2.36
495,0,0,3,100.0,0,168566,0.8,0,0,3,1,Georges-Kévin,0.7,0,0,0.4,565,False,0.0,0,6,69,0,0,0,1.0,0,0,Nkoudou,0.0,a,17,3.0,2,266,222,0.3,0,MID,17,Spurs,1.0,Man City,0.011594202898550725,0.0,0.043478260869565216,4.66
496,0,0,18,75.0,2,45268,41.5,0,0,3,3,Moussa,2.7,1,0,14.1,572,False,11.2,0,243,68,0,0,0,2.0,0,0,Sissoko,0.1,a,17,97.0,8,8313,6631,1.2,1,MID,17,Spurs,1.0,Man City,0.6102941176470589,0.16470588235294117,1.4264705882352942,412.19
497,1,3,92,0.0,3,78830,108.3,0,1053,4,0,Harry,3.0,2,2,44.1,403,False,122.2,0,419,107,0,0,0,4.8,0,0,Kane,5.7,i,17,210.0,24,152149,616083,2.2,0,FWD,17,Spurs,1.0,Man City,1.0121495327102803,1.142056074766355,1.9626168224299065,1345.5
499,1,0,12,,1,165990,91.3,0,0,4,1,Vincent,2.3,2,0,29.9,405,False,34.4,0,296,78,0,0,0,1.9,0,0,Janssen,1.7,a,17,174.0,13,45562,62676,1.7,0,FWD,17,Spurs,1.0,Man City,1.1705128205128206,0.441025641025641,2.230769230769231,702.31
501,0,1,104,,0,18656,0.0,0,375,1,1,Heurelho,1.3,13,0,11.8,407,False,117.2,0,630,49,0,0,0,1.7,0,17,Gomes,2.3,a,18,0.0,12,12413,41837,2.4,1,GKP,18,Watford,1.0,Bournemouth,0.0,2.391836734693878,0.0,164.36
502,0,0,52,100.0,0,37742,11.6,0,231,2,1,Younes,0.3,9,0,11.1,341,False,73.0,0,351,44,0,0,0,1.0,0,0,Kaboul,0.5,a,18,27.0,4,4227,11943,0.9,0,DEF,18,Watford,1.0,Bournemouth,0.2636363636363636,1.6590909090909092,0.6136363636363636,37.48
503,0,0,51,0.0,0,41338,25.9,0,335,2,0,Craig,1.0,7,0,10.9,408,False,75.2,0,405,45,0,0,0,1.2,0,0,Cathcart,0.4,i,18,8.0,6,3456,10200,1.3,1,DEF,18,Watford,1.0,Bournemouth,0.5755555555555555,1.6711111111111112,0.17777777777777778,115.1
504,0,0,75,100.0,0,41945,12.0,0,181,2,0,Sebastian,1.0,11,0,15.2,409,False,121.2,0,549,45,0,0,0,1.0,0,0,Prödl,0.3,a,18,20.0,7,5923,3933,1.6,2,DEF,18,Watford,1.0,Bournemouth,0.26666666666666666,2.6933333333333334,0.4444444444444444,160.2
506,1,2,78,100.0,0,40868,95.3,0,96,2,6,José,2.3,13,1,33.2,411,False,159.8,0,629,45,0,0,0,2.3,0,0,Holebas,1.6,a,18,75.0,16,63487,12328,3.6,4,DEF,18,Watford,1.0,Bournemouth,2.1177777777777775,3.5511111111111116,1.6666666666666667,775.23
507,0,0,68,75.0,0,52153,15.9,0,205,2,0,Miguel,0.7,8,0,12.7,413,False,103.2,0,450,44,0,0,0,1.0,0,0,Britos,0.1,d,18,8.0,5,3125,2118,1.1,2,DEF,18,Watford,1.0,Bournemouth,0.3613636363636364,2.3454545454545457,0.18181818181818182,93.97
509,1,2,65,,0,42738,4.8,1,0,2,1,Juan,4.7,3,1,9.2,479,False,62.0,0,163,44,0,0,0,3.2,0,0,Zuñiga,2.3,a,18,25.0,16,79629,26648,3.6,0,DEF,18,Watford,1.0,Bournemouth,0.10909090909090909,1.4090909090909092,0.5681818181818182,447.46
512,1,0,45,0.0,0,52940,26.6,0,0,2,0,Daryl,1.3,2,0,9.3,540,False,41.2,0,179,49,0,0,0,2.0,0,0,Janmaat,0.1,i,18,24.0,6,4704,3649,1.2,0,DEF,18,Watford,1.0,Bournemouth,0.5428571428571429,0.8408163265306123,0.4897959183673469,125.34000000000002
514,0,0,2,,0,167767,0.4,0,86,3,0,Robert Kenedy,0.3,0,0,0.1,94,False,0.2,0,16,53,0,0,0,1.0,0,0,Nunes do Nascimento,0.0,a,18,0.0,1,1052,1577,0.2,0,MID,18,Watford,1.0,Bournemouth,0.007547169811320755,0.0037735849056603774,0.0,1.18
515,1,0,38,75.0,0,44302,39.0,0,56,3,1,Adlène,0.3,6,0,9.9,415,False,39.8,0,216,45,0,0,0,2.0,0,0,Guédioura,0.1,a,18,20.0,8,4763,3934,1.8,1,MID,18,Watford,1.0,Bournemouth,0.8666666666666667,0.8844444444444444,0.4444444444444444,37.64
516,1,11,166,100.0,0,38439,136.5,2,347,3,2,Etienne,4.7,12,4,49.3,416,True,232.6,0,602,52,0,0,0,6.9,0,0,Capoue,42.8,a,18,124.0,48,1539975,136445,9.2,0,MID,18,Watford,1.0,Bournemouth,2.625,4.473076923076923,2.3846153846153846,2365.57
519,0,0,3,0.0,0,19342,0.0,0,176,3,0,Ikechi,0.0,0,0,0.0,419,False,0.0,0,10,45,0,0,0,1.0,0,0,Anya,0.1,u,18,0.0,1,327,5036,0.2,0,MID,18,Watford,1.0,Bournemouth,0.0,0.0,0.0,1.0
520,0,0,81,75.0,0,21123,23.5,0,127,3,1,Valon,1.7,13,0,9.7,420,False,69.0,0,603,45,0,0,0,1.6,0,0,Behrami,0.3,a,18,3.0,11,6417,5949,2.4,3,MID,18,Watford,1.0,Bournemouth,0.5222222222222223,1.5333333333333334,0.06666666666666667,173.35
522,1,3,57,,0,44604,121.9,0,74,3,5,Nordin,2.3,11,0,25.8,422,False,76.4,0,443,50,0,0,0,2.5,0,0,Amrabat,0.1,a,18,63.0,15,6599,5813,3.0,1,MID,18,Watford,1.0,Bournemouth,2.438,1.528,1.26,615.99
524,0,0,31,100.0,0,173514,29.9,0,0,3,6,Isaac,2.3,1,1,18.5,424,False,59.2,0,103,58,0,0,0,1.8,0,0,Success,0.0,d,18,95.0,9,689,2255,1.6,1,MID,18,Watford,1.0,Bournemouth,0.5155172413793103,1.0206896551724138,1.6379310344827587,432.42999999999995
525,0,0,3,,0,121599,0.1,0,0,3,0,Abdoulaye,0.0,1,0,0.1,482,False,1.2,0,7,47,0,0,0,1.0,0,0,Doucouré,0.0,a,18,0.0,1,113,684,0.2,0,MID,18,Watford,1.0,Bournemouth,0.002127659574468085,0.02553191489361702,0.0,1.0
526,2,0,93,,0,61566,122.1,0,0,3,1,Roberto,2.3,7,1,27.2,539,False,100.0,0,389,60,0,0,0,3.6,0,0,Pereyra,0.9,a,18,50.0,18,44007,17139,3.0,2,MID,18,Watford,1.0,Bournemouth,2.0349999999999997,1.6666666666666667,0.8333333333333334,643.83
527,1,4,109,,0,41725,83.4,1,629,4,9,Troy,5.7,13,3,45.5,425,False,151.2,0,617,71,0,0,0,4.3,0,0,Deeney,7.4,a,18,224.0,30,223307,115683,4.3,3,FWD,18,Watford,1.0,Bournemouth,1.1746478873239437,2.129577464788732,3.1549295774647885,2644.0200000000004
528,1,2,55,,0,58498,80.3,0,709,4,1,Odion,1.7,12,1,34.0,426,False,72.4,0,564,73,0,0,0,3.0,0,0,Ighalo,5.4,a,18,192.0,21,77048,211324,2.9,1,FWD,18,Watford,1.0,Bournemouth,1.0999999999999999,0.9917808219178083,2.6301369863013697,606.99
531,0,0,3,0.0,0,81183,0.3,0,0,4,0,Matej,0.0,0,0,0.0,483,False,0.0,0,3,45,0,0,0,1.0,0,0,Vydra,0.5,u,18,0.0,1,3842,20917,0.2,0,FWD,18,Watford,1.0,Bournemouth,0.006666666666666666,0.0,0.0,1.0
534,0,3,132,,2,9089,10.0,1,129,1,2,Ben,2.0,7,0,15.9,430,False,147.2,0,630,47,0,0,0,3.9,0,20,Foster,16.6,a,19,1.0,27,388505,106936,5.7,0,GKP,19,West Brom,1.2,Sunderland,0.2127659574468085,3.131914893617021,0.02127659574468085,406.67999999999995
536,0,0,44,100.0,1,108824,18.4,0,126,2,0,Brendan,0.3,3,0,7.5,129,False,33.0,0,247,45,0,0,0,3.0,0,0,Galloway,0.4,a,19,25.0,9,11539,7515,2.0,0,DEF,19,West Brom,1.2,Sunderland,0.40888888888888886,0.7333333333333333,0.5555555555555556,36.504000000000005
537,0,0,12,,0,67527,16.3,0,275,2,2,Allan-Roméo,1.0,2,0,6.6,412,False,26.4,0,203,43,0,0,0,1.0,0,0,Nyom,0.5,a,19,24.0,3,3706,19929,0.7,2,DEF,19,West Brom,1.2,Sunderland,0.3790697674418605,0.613953488372093,0.5581395348837209,83.04
538,0,2,106,100.0,2,37642,31.3,1,343,2,1,Jonny,1.3,7,0,14.6,431,False,110.2,0,630,45,0,0,0,2.6,0,0,Evans,8.9,a,19,4.0,18,150681,107796,4.0,4,DEF,19,West Brom,1.2,Sunderland,0.6955555555555556,2.448888888888889,0.08888888888888889,244.98
539,0,0,28,,1,39253,0.5,0,261,2,0,Jonas,0.0,2,0,2.9,432,False,17.8,0,180,44,0,0,0,3.0,0,0,Olsson,0.9,a,19,10.0,6,12249,20484,1.4,1,DEF,19,West Brom,1.2,Sunderland,0.011363636363636364,0.40454545454545454,0.22727272727272727,6.0
540,0,1,103,,2,60232,76.4,0,433,2,3,Craig,1.3,7,0,25.4,433,False,135.4,0,630,49,0,0,0,2.6,0,0,Dawson,2.0,a,19,41.0,18,9190,38507,3.6,3,DEF,19,West Brom,1.2,Sunderland,1.5591836734693878,2.7632653061224492,0.8367346938775511,412.36800000000005
543,0,1,116,,2,19272,0.7,1,339,2,2,Gareth,1.7,7,1,25.9,436,False,154.4,0,630,48,0,0,0,3.9,0,0,McAuley,25.8,a,19,105.0,27,655327,119944,5.6,0,DEF,19,West Brom,1.2,Sunderland,0.014583333333333332,3.216666666666667,2.1875,557.6039999999998
547,2,6,113,100.0,0,54908,86.3,2,173,3,10,Nacer,10.7,5,3,40.8,392,False,159.8,0,344,64,0,0,0,8.5,0,0,Chadli,2.9,a,19,162.0,34,124492,30511,5.3,1,MID,19,West Brom,1.2,Sunderland,1.3484375,2.496875,2.53125,5274.004
548,0,0,64,,3,14295,47.0,0,403,3,2,Darren,2.0,6,0,14.9,439,False,49.8,0,611,44,0,0,0,2.4,0,0,Fletcher,9.6,d,19,55.0,17,76563,235188,3.9,0,MID,19,West Brom,1.2,Sunderland,1.0681818181818181,1.1318181818181818,1.25,381.32
549,1,0,44,,1,28468,112.1,0,244,3,1,Craig,0.3,4,0,14.6,440,False,31.4,0,185,55,0,0,0,2.2,0,0,Gardner,0.1,a,19,3.0,11,4846,5469,2.0,0,MID,19,West Brom,1.2,Sunderland,2.038181818181818,0.5709090909090909,0.05454545454545454,63.739999999999995
550,0,0,12,100.0,0,18008,22.4,0,266,3,1,James,1.0,0,0,3.0,441,False,5.8,0,35,47,0,0,0,1.0,0,0,Morrison,0.1,a,19,2.0,4,437,2332,0.9,0,MID,19,West Brom,1.2,Sunderland,0.47659574468085103,0.12340425531914893,0.0425531914893617,40.239999999999995
551,0,0,73,,2,55829,30.8,0,286,3,1,Claudio,1.3,7,0,13.5,442,False,88.0,0,608,45,0,0,0,1.7,0,0,Yacob,0.2,a,19,16.0,12,3484,5020,2.7,4,MID,19,West Brom,1.2,Sunderland,0.6844444444444444,1.9555555555555555,0.35555555555555557,222.288
553,1,0,71,,2,63370,99.3,0,336,3,2,James,3.7,3,1,34.9,444,False,103.6,0,348,50,0,0,0,3.2,0,0,McClean,0.3,a,19,146.0,19,6750,6016,3.8,1,MID,19,West Brom,1.2,Sunderland,1.986,2.072,2.92,1568.116
554,1,0,20,100.0,0,173809,18.1,0,28,3,0,Jonathan,1.3,0,0,4.0,445,False,19.0,0,46,44,0,0,0,1.8,0,0,Leko,0.3,a,19,4.0,7,10495,14577,1.6,0,MID,19,West Brom,1.2,Sunderland,0.4113636363636364,0.4318181818181818,0.09090909090909091,71.116
555,2,0,71,,2,50229,156.4,0,0,3,5,Matt,4.0,7,0,31.5,446,False,78.4,0,601,53,0,0,0,3.1,0,0,Phillips,0.2,a,19,81.0,22,2898,7794,4.2,0,MID,19,West Brom,1.2,Sunderland,2.9509433962264153,1.479245283018868,1.528301886792453,1537.84
556,0,0,27,,1,195864,45.1,0,0,3,0,Sam,0.0,1,0,5.1,511,False,5.4,0,165,45,0,0,0,2.0,0,0,Field,0.0,a,19,1.0,4,409,316,0.9,1,MID,19,West Brom,1.2,Sunderland,1.0022222222222223,0.12000000000000001,0.022222222222222223,4.0
557,0,0,3,0.0,0,11037,11.0,0,72,4,0,Rickie,0.0,0,0,5.5,447,False,3.6,0,13,54,0,0,0,1.0,0,0,Lambert,0.1,u,19,40.0,1,1095,7099,0.2,0,FWD,19,West Brom,1.2,Sunderland,0.2037037037037037,0.06666666666666667,0.7407407407407407,1.0
558,0,0,-3,100.0,2,91972,4.4,0,226,4,0,Saido,0.0,2,0,7.4,448,False,0.0,0,243,62,0,0,0,1.5,0,0,Berahino,0.6,a,19,77.0,6,9520,35072,1.0,1,FWD,19,West Brom,1.2,Sunderland,0.07096774193548387,0.0,1.2419354838709677,6.0
559,1,5,92,,2,57134,102.1,0,354,4,2,Salomón,6.7,7,3,51.5,449,False,135.0,0,564,67,0,0,0,4.7,0,0,Rondón,6.1,a,19,280.0,33,246874,116040,4.9,0,FWD,19,West Brom,1.2,Sunderland,1.5238805970149254,2.014925373134328,4.17910447761194,4190.484
560,0,0,8,100.0,0,49440,0.8,0,0,4,1,Hal,1.0,0,0,0.3,571,False,1.4,0,19,50,0,0,0,1.0,0,0,Robson-Kanu,0.1,a,19,0.0,3,7302,3826,0.6,0,FWD,19,West Brom,1.2,Sunderland,0.016,0.027999999999999997,0.0,5.640000000000001
561,0,2,118,,1,60706,10.0,0,356,1,2,Adrián,1.7,17,0,18.8,450,False,178.2,0,630,50,0,0,0,2.7,0,25,San Miguel del Castillo,3.0,a,20,0.0,19,45350,49663,3.8,0,GKP,20,West Ham,1.2,Middlesbrough,0.2,3.5639999999999996,0.0,402.928
563,0,2,114,,1,8380,32.9,1,217,2,2,James,0.7,14,1,28.1,452,False,164.8,0,540,46,0,0,0,2.8,0,0,Collins,8.4,a,20,84.0,17,305322,144323,3.7,1,DEF,20,West Ham,1.2,Middlesbrough,0.7152173913043478,3.582608695652174,1.826086956521739,253.62799999999996
564,1,2,111,100.0,1,48717,25.2,0,294,2,7,Winston,2.3,12,0,23.7,453,False,161.8,0,527,50,0,0,0,2.3,0,0,Reid,1.5,a,20,51.0,14,10578,34580,2.8,2,DEF,20,West Ham,1.2,Middlesbrough,0.504,3.236,1.02,670.88
567,0,0,66,,0,40669,49.5,0,284,2,2,Angelo,1.0,11,0,14.8,456,False,94.6,0,360,48,0,0,0,1.0,0,0,Ogbonna,0.9,a,20,4.0,4,3026,23196,0.8,0,DEF,20,West Ham,1.2,Middlesbrough,1.03125,1.9708333333333332,0.08333333333333333,181.72
568,0,0,56,100.0,1,113564,30.2,0,39,2,1,Sam,0.3,6,0,9.6,457,False,61.6,0,264,45,0,0,0,1.4,0,0,Byram,0.6,d,20,4.0,7,11158,17934,1.6,2,DEF,20,West Ham,1.2,Middlesbrough,0.6711111111111111,1.3688888888888888,0.08888888888888889,41.488
569,1,1,107,0.0,1,105717,56.5,0,0,2,0,Arthur,0.0,13,0,16.4,505,False,104.4,0,436,49,0,0,0,2.2,0,0,Masuaku,0.3,i,20,3.0,11,17425,19169,2.2,1,DEF,20,West Ham,1.2,Middlesbrough,1.153061224489796,2.1306122448979594,0.061224489795918366,11.0
571,0,0,21,100.0,0,18759,16.0,0,0,2,1,Álvaro,0.3,4,0,3.5,568,False,18.0,0,174,49,0,0,0,0.5,0,0,Arbeloa,0.1,a,20,1.0,1,4004,2469,0.2,2,DEF,20,West Ham,1.2,Middlesbrough,0.32653061224489793,0.3673469387755102,0.02040816326530612,13.6
572,0,0,5,0.0,0,45124,1.2,0,524,3,0,André,0.0,0,0,0.5,374,False,0.2,0,34,72,0,0,0,1.0,0,0,Ayew,1.2,i,20,4.0,1,2520,265652,0.1,0,MID,20,West Ham,1.2,Middlesbrough,0.016666666666666666,0.002777777777777778,0.05555555555555555,1.0
573,0,0,79,100.0,1,18073,113.8,0,581,3,2,Mark,1.3,15,0,17.7,458,False,40.4,0,536,63,0,0,0,1.7,0,0,Noble,2.0,a,20,24.0,12,8840,90110,1.9,2,MID,20,West Ham,1.2,Middlesbrough,1.8063492063492064,0.6412698412698412,0.38095238095238093,289.99199999999996
574,0,0,82,,1,55037,41.9,0,498,3,2,Cheikhou,2.0,17,0,14.9,459,False,67.2,0,630,52,0,0,0,2.1,0,0,Kouyaté,1.3,a,20,41.0,15,14543,62629,2.8,0,MID,20,West Ham,1.2,Middlesbrough,0.8057692307692308,1.2923076923076924,0.7884615384615384,375.23999999999995
575,0,0,14,,0,59779,4.9,0,163,3,1,Pedro,0.3,1,0,2.1,460,False,16.2,0,92,44,0,0,0,0.5,0,0,Obiang,0.3,a,20,0.0,1,2735,5995,0.2,2,MID,20,West Ham,1.2,Middlesbrough,0.11136363636363637,0.36818181818181817,0.0,8.596
576,4,6,129,100.0,0,37901,307.0,1,701,3,10,Dimitri,7.0,13,1,65.3,461,False,158.6,0,384,94,0,0,0,6.2,0,0,Payet,13.2,a,20,188.0,31,133867,589645,3.3,1,MID,20,West Ham,1.2,Middlesbrough,3.265957446808511,1.6872340425531915,2.0,5521.24
577,0,0,49,100.0,0,86934,69.7,0,381,3,1,Manuel,3.0,10,1,18.8,462,False,54.4,0,274,64,0,0,0,2.4,0,0,Lanzini,0.1,a,20,63.0,12,8058,5494,1.9,0,MID,20,West Ham,1.2,Middlesbrough,1.0890625,0.85,0.984375,685.5600000000001
579,0,4,131,,1,57531,112.9,2,452,3,2,Michail,3.7,16,5,73.0,464,False,221.4,0,591,73,0,0,0,6.0,0,0,Antonio,17.0,a,20,395.0,42,664041,198802,5.8,1,MID,20,West Ham,1.2,Middlesbrough,1.5465753424657536,3.032876712328767,5.410958904109589,3280.0919999999996
580,0,0,45,0.0,1,43626,31.3,0,0,3,0,Håvard,1.3,7,0,7.5,465,False,41.8,0,305,48,0,0,0,2.3,0,0,Nordtveit,0.1,i,20,2.0,9,898,3617,1.9,0,MID,20,West Ham,1.2,Middlesbrough,0.6520833333333333,0.8708333333333332,0.041666666666666664,126.15599999999999
581,0,0,9,100.0,0,44336,51.2,0,0,3,0,Sofiane,0.3,3,0,8.9,466,False,14.2,0,90,52,0,0,0,0.5,0,0,Feghouli,0.9,a,20,24.0,1,6289,124458,0.2,1,MID,20,West Ham,1.2,Middlesbrough,0.9846153846153847,0.27307692307692305,0.46153846153846156,33.184
582,1,0,29,75.0,1,59796,87.8,0,0,3,1,Gökhan,0.3,4,0,14.6,467,False,28.2,0,240,55,0,0,0,2.0,0,0,Töre,0.1,i,20,33.0,10,8874,8694,1.8,0,MID,20,West Ham,1.2,Middlesbrough,1.5963636363636362,0.5127272727272727,0.6,63.63999999999999
583,0,0,3,,0,163526,0.7,0,0,3,0,Edimilson,0.3,1,0,0.3,542,False,1.8,0,9,50,0,0,0,1.0,0,0,Fernandes,0.0,a,20,0.0,1,263,210,0.2,0,MID,20,West Ham,1.2,Middlesbrough,0.013999999999999999,0.036000000000000004,0.0,1.9
584,0,0,7,0.0,0,40142,17.0,0,381,4,0,Andy,0.0,2,0,3.2,468,False,10.6,0,90,62,0,0,0,2.0,0,0,Carroll,1.5,i,20,4.0,2,29407,264347,0.3,0,FWD,20,West Ham,1.2,Middlesbrough,0.27419354838709675,0.17096774193548386,0.06451612903225806,2.0
586,0,0,4,,0,168287,3.9,0,0,4,0,Jonathan,0.3,2,0,6.6,526,False,3.6,0,108,68,0,0,0,1.0,0,0,Calleri,0.0,a,20,62.0,4,1997,1875,0.6,0,FWD,20,West Ham,1.2,Middlesbrough,0.057352941176470586,0.052941176470588235,0.9117647058823529,29.019999999999996
587,0,0,3,,0,176296,13.8,0,0,4,0,Ashley,0.7,4,0,5.8,535,False,2.0,0,149,50,0,0,0,1.0,0,0,Fletcher,0.1,a,20,53.0,5,5739,3245,1.0,1,FWD,20,West Ham,1.2,Middlesbrough,0.276,0.04,1.06,62.791999999999994
588,0,0,12,,0,60270,81.9,0,0,4,1,Simone,1.0,11,0,14.4,550,False,7.6,0,256,65,0,0,0,1.0,0,0,Zaza,0.3,a,20,57.0,4,35243,27655,0.6,2,FWD,20,West Ham,1.2,Middlesbrough,1.26,0.11692307692307692,0.8769230769230769,179.79999999999998
